Entrytype,Groups,Title,Organization,Creationdate,Year,Month,Validity,Asset, Discipline, Stage, Category, Requirement, Must, Comment, Timestamp, Register,URL,File
TechReport,CE01,Electrical Installation Condition Report,Village Electrical Railway Cottage Station Road,,2022,,,Netherfield Nottingham,Electrical,Construction,Operational,Best Practice,Y,,9/16/2024,,,:C\:\\Users\\Nam Le/ARCADIS/Project Tiger (2024) - General/06. Documents Provided/Stage 1 Assets/Netherfield Nottingham - Findel Education/Audit D/D1_eicr-20220222115251.pdf:PDF
TechReport,CE01,Electrical Installation Condition Report,Village Electrical Railway Cottage Station Road,,2022,,,Netherfield Nottingham,Electrical,Construction,Operational,Best Practice,Y,,9/16/2024,,,:C\:\\Users\\Nam Le/ARCADIS/Project Tiger (2024) - General/06. Documents Provided/Stage 1 Assets/Netherfield Nottingham - Findel Education/Audit D/D1_eicr-20221107110338.pdf:PDF
TechReport,CE01,Electrical Installation Condition Report,Village Electrical Railway Cottage Station Road,,2021,,,Netherfield Nottingham,Electrical,Construction,Operational,Best Practice,Y,,9/16/2024,,,:C\:\\Users\\Nam Le/ARCADIS/Project Tiger (2024) - General/06. Documents Provided/Stage 1 Assets/Netherfield Nottingham - Findel Education/Audit D/D1_eicr-20220204111534.pdf:PDF
Plan,NA,Wastewater,Severn Trent,,2020,\#oct\#,,Netherfield Nottingham,Plumbing,Construction,Operational,Best Practice,N,,9/16/2024,,,:C\:\\Users\\Nam Le/ARCADIS/Project Tiger (2024) - General/06. Documents Provided/Stage 1 Assets/Netherfield Nottingham - Findel Education/Audit D/D12_457246_A2_Wastewater.pdf:PDF
Certificate,CE11,Certificate of Microbiology Analysis,Latis Scientific,,2024,\#jan\#,NA,Clarence House,Environment,Operation,Operational,Best Practice,Y,,9/16/2024,,,:C\:\\Users\\Nam Le/ARCADIS/Project Tiger (2024) - General/06. Documents Provided/Stage 2 Assets/3x London Assets/Clarence House/inspection documents including landlords FRA/16.1.24 - 4 MPS - Microbiology Cert of Analysis.PDF:PDF
Certificate,CE11,Certificate of Microbiology Analysis,Latis Scientific,,2024,\#jan\#,NA,Clarence House,Environment,Operation,Operational,Best Practice,Y,,9/16/2024,,,:C\:\\Users\\Nam Le/ARCADIS/Project Tiger (2024) - General/06. Documents Provided/Stage 2 Assets/3x London Assets/Clarence House/inspection documents including landlords FRA/Periodicals-10667-2(691992) (1).PDF:PDF
Certificate,CE11,Certificate of Microbiology Analysis,Latis Scientific,,2024,\#jan\#,NA,Clarence House,Environment,Operation,Operational,Best Practice,Y,,9/16/2024,,,:C\:\\Users\\Nam Le/ARCADIS/Project Tiger (2024) - General/06. Documents Provided/Stage 2 Assets/3x London Assets/Clarence House/inspection documents including landlords FRA/Periodicals-10667-2(691992) (2).PDF:PDF
Certificate,CE11,Certificate of Microbiology Analysis,Latis Scientific,,2024,\#jan\#,NA,Clarence House,Environment,Operation,Operational,Best Practice,Y,,9/16/2024,,,:C\:\\Users\\Nam Le/ARCADIS/Project Tiger (2024) - General/06. Documents Provided/Stage 2 Assets/3x London Assets/Clarence House/inspection documents including landlords FRA/Periodicals-10667-2(694230) (2).PDF:PDF
Certificate,CE11,Certificate of Microbiology Analysis,Latis Scientific,,2024,\#jan\#,NA,Clarence House,Environment,Operation,Operational,Best Practice,Y,,9/16/2024,,,:C\:\\Users\\Nam Le/ARCADIS/Project Tiger (2024) - General/06. Documents Provided/Stage 2 Assets/3x London Assets/Clarence House/inspection documents including landlords FRA/Periodicals-10667-2(698617) (3).PDF:PDF
Certificate,CE11,Certificate of Microbiology Analysis,Latis Scientific,,2024,\#jan\#,NA,Clarence House,Environment,Operation,Operational,Best Practice,Y,,9/16/2024,,,:C\:\\Users\\Nam Le/ARCADIS/Project Tiger (2024) - General/06. Documents Provided/Stage 2 Assets/3x London Assets/Clarence House/inspection documents including landlords FRA/Periodicals-10667-2(728749) (1).PDF:PDF
Certificate,CE11,Certificate of Microbiology Analysis,Latis Scientific,,2024,\#mar\#,NA,Clarence House,Environment,Operation,Operational,Best Practice,Y,,9/16/2024,,,:C\:\\Users\\Nam Le/ARCADIS/Project Tiger (2024) - General/06. Documents Provided/Stage 2 Assets/3x London Assets/Clarence House/inspection documents including landlords FRA/Workorders-27442A(723087) (1).PDF:PDF
Contract,LE03,Appointment Contract of Mechanical and Electrical Services Engineer,Aviva Life \& Pensions UK Limited,,2017,\#dec\#,NA,4 Matthew Parker Street,Legal,Pre-Construction,Legal,Legal,Y,No clear title the document title has been created,9/13/2024,,,":C\:\\Users\\Nam Le/ARCADIS/Project Tiger (2024) - General/06. Documents Provided/Stage 2 Assets/3x London Assets/Clarence House/Appointment of M+E Engineer 21.12.2017 (Aviva, Watkins).pdf:PDF"
TechReport,NA,NLC Employee Search Risk Assessment,NA,,2018,,,Netherfield Nottingham,General,General,Environmental,Best Practice,N,,9/13/2024,,,:C\:\\Users\\Nam Le/ARCADIS/Project Tiger (2024) - General/06. Documents Provided/Stage 1 Assets/Netherfield Nottingham - Findel Education/Audit C/C4 Risk Assessments/Task Risks/NLC Employee Search Risk Assessment.pdf:PDF
Certificate,NA,Final Certificate,Butler \& Young Approved Inspectors Limited,,2017,\#apr\#,NA,4 Matthew Parker Street,General,Maintenance,Other,Other,N,,9/13/2024,,,:C\:\\Users\\Nam Le/ARCADIS/Project Tiger (2024) - General/06. Documents Provided/Stage 2 Assets/3x London Assets/Clarence House/Final Certificate 13.09.17.pdf:PDF
Contract,NA,Performance Bond,NA,,2011,NA,NA,4 Matthew Parker Street,Legal,Pre-Construction,Legal,Legal,Y,No written info on the Client and Contractor.The document is unsigned,9/13/2024,,,:C\:\\Users\\Nam Le/ARCADIS/Project Tiger (2024) - General/06. Documents Provided/Stage 2 Assets/3x London Assets/Clarence House/Building Contract Annexures..pdf:PDF
Contract,CO02,Service Agreement for Goods Lifts,C \& H Lifts Ltd,,2023,\#jun\#,,Netherfield Nottingham,General,Operation,Construction Contract Warranty,Legal,Y,,9/16/2024,,,:C\:\\Users\\Nam Le/ARCADIS/Project Tiger (2024) - General/06. Documents Provided/Stage 1 Assets/Netherfield Nottingham - Findel Education/Audit D/D5_Goods Lifts.pdf:PDF
Certificate,NA,Draft Certificate of Title,NA,,NA,NA,NA,Hermitage Lane,General,General,Other,Other,N,Draft document,9/16/2024,,,:C\:\\Users\\Nam Le/ARCADIS/Project Tiger (2024) - General/06. Documents Provided/Stage 2 Assets/Title Plans (at rear of document)/DRAFT - Certificate of Title  - Hermitage Lane_ Aylesford_ Kent - 31.05.2024.pdf:PDF
Certificate,NA,Draft Certificate of Title,NA,,NA,NA,NA,The Woodlands,General,General,Other,Other,N,Draft document,9/16/2024,,,:C\:\\Users\\Nam Le/ARCADIS/Project Tiger (2024) - General/06. Documents Provided/Stage 2 Assets/Title Plans (at rear of document)/DRAFT Certificate of Title  - Woodlands Thurmaston 31.05.24.pdf:PDF
Certificate,NA,Air Conditioning Inspection Certificate,Elmhurst Energy Systems Ltd,,2023,\#oct\#,30-Oct-28,Netherfield Nottingham,Mechanical,Construction,Operational,Best Practice,N,,9/16/2024,,,:C\:\\Users\\Nam Le/ARCADIS/Project Tiger (2024) - General/06. Documents Provided/Stage 1 Assets/Netherfield Nottingham - Findel Education/Audit D/D16_Air conditioning inspection certificate – Find an energy certificate – GOV.pdf:PDF
Certificate,NA,Certificate of Completion,City of Westminister,,2003,\#oct\#,NA,4 Matthew Parker Street,Architectural,Maintenance,Other,Other,N,,9/13/2024,,,:C\:\\Users\\Nam Le/ARCADIS/Project Tiger (2024) - General/06. Documents Provided/Stage 2 Assets/3x London Assets/Clarence House/Certificate of Completion.pdf:PDF
TechReport,CE03,Fire Alarm Service of Clarence House,RELTECH SOLUTIONS,,2024,\#apr\#,,Clarence House,FDAS,Operation,Operational,Best Practice,Y,,9/16/2024,,,:C\:\\Users\\Nam Le/ARCADIS/Project Tiger (2024) - General/06. Documents Provided/Stage 2 Assets/3x London Assets/Clarence House/inspection documents including landlords FRA/16.4.24 - 4 MPS - Fire Alarm Service.pdf:PDF
TechReport,EN02,Engineers Gas Service Report,Edmund Services Limited,,2023,NA,,Clarence House,Energy,Operation,Environmental,Optional,N,,9/16/2024,,,:C\:\\Users\\Nam Le/ARCADIS/Project Tiger (2024) - General/06. Documents Provided/Stage 2 Assets/3x London Assets/Clarence House/inspection documents including landlords FRA/24.8.24 - 4 MPS - Gas Safe.pdf:PDF
TechReport,CE17,Temperature Results April 2024,NA,,2024,,,Netherfield Nottingham,General,Operation,Operational,Best Practice,Y,,9/16/2024,,,:C\:\\Users\\Nam Le/ARCADIS/Project Tiger (2024) - General/06. Documents Provided/Stage 1 Assets/Netherfield Nottingham - Findel Education/Audit D/D17_Temperature results april 2024.pdf:PDF
Po,NA,Job Number No. 802368,Metro Rod Drain Care and Repair,,2023,October,,Netherfield Nottingham,Plumbing,Construction,Operational,Best Practice,N,,9/16/2024,,,:C\:\\Users\\Nam Le/ARCADIS/Project Tiger (2024) - General/06. Documents Provided/Stage 1 Assets/Netherfield Nottingham - Findel Education/Audit D/D12_Job Card 802368.pdf:PDF
Po,NA,Fire Extinguisher 2024,Midland Fire Solutions Limited,,2023,December,,Mill Lane Industrial Estate,FDAS,Maintenance,Operational,Best Practice,N,,9/12/2024,,,:C\:\\Users\\Nam Le/ARCADIS/Project Tiger (2024) - General/06. Documents Provided/Stage 1 Assets/Mill Lane Industrial Estate  - Premier Display Units 1C and 1D/2024 - fire extinguisher.pdf:PDF
Certificate,CE03,Fire Protection Certificate of Inspection,Churches Fire Ltd,,2023,\#dec\#,,Netherfield Nottingham,FDAS,Construction,Operational,Best Practice,Y,,9/16/2024,,,:C\:\\Users\\Nam Le/ARCADIS/Project Tiger (2024) - General/06. Documents Provided/Stage 1 Assets/Netherfield Nottingham - Findel Education/Audit D/D3_DryRiser and Valves Service.pdf:PDF
TechReport,NA,Air Flex System Task Risk Assessment,NA,,2023,,,Netherfield Nottingham,Civil,Construction,Operational,Best Practice,N,,9/13/2024,,,:C\:\\Users\\Nam Le/ARCADIS/Project Tiger (2024) - General/06. Documents Provided/Stage 1 Assets/Netherfield Nottingham - Findel Education/Audit C/C4 Risk Assessments/Task Risks/Air Flex System Task Risk Assessment.pdf:PDF
TechReport,NA,Conveyor and General Maintenance Risk Assessment,NA,,2016,,,Netherfield Nottingham,Mechanical,Construction,Operational,Best Practice,N,,9/13/2024,,,:C\:\\Users\\Nam Le/ARCADIS/Project Tiger (2024) - General/06. Documents Provided/Stage 1 Assets/Netherfield Nottingham - Findel Education/Audit C/C4 Risk Assessments/Task Risks/Conveyor and General Maintenance Risk Assessment.pdf:PDF
TechReport,NA,Returns Task Risk Assessment,NA,,2016,,,Netherfield Nottingham,General,Operation,Operational,Best Practice,N,,9/13/2024,,,:C\:\\Users\\Nam Le/ARCADIS/Project Tiger (2024) - General/06. Documents Provided/Stage 1 Assets/Netherfield Nottingham - Findel Education/Audit C/C4 Risk Assessments/Task Risks/Returns Task Risk Assessment.pdf:PDF
TechReport,NA,Parcel Strapping Machine Task Risk Assessment,NA,,2016,,,Netherfield Nottingham,General,Operation,Operational,Best Practice,N,,9/13/2024,,,:C\:\\Users\\Nam Le/ARCADIS/Project Tiger (2024) - General/06. Documents Provided/Stage 1 Assets/Netherfield Nottingham - Findel Education/Audit C/C4 Risk Assessments/Task Risks/Parcel Strapping Machine Task Risk Assessment.pdf:PDF
TechReport,NA,Picking Task Risk Assessment,NA,,2016,,,Netherfield Nottingham,General,Operation,Operational,Best Practice,N,,9/13/2024,,,:C\:\\Users\\Nam Le/ARCADIS/Project Tiger (2024) - General/06. Documents Provided/Stage 1 Assets/Netherfield Nottingham - Findel Education/Audit C/C4 Risk Assessments/Task Risks/Picking Task Risk Assessment.pdf:PDF
TechReport,NA,All Office Areas Task Risk Assessment,NA,,2015,,,Netherfield Nottingham,General,Construction,Operational,Best Practice,N,,9/13/2024,,,:C\:\\Users\\Nam Le/ARCADIS/Project Tiger (2024) - General/06. Documents Provided/Stage 1 Assets/Netherfield Nottingham - Findel Education/Audit C/C4 Risk Assessments/Task Risks/All Office Areas Task Risk Assessment.pdf:PDF
TechReport,NA,Assembly and Rectification Task Risk Assessment,NA,,2015,,,Netherfield Nottingham,General,Construction,Operational,Best Practice,N,,9/13/2024,,,:C\:\\Users\\Nam Le/ARCADIS/Project Tiger (2024) - General/06. Documents Provided/Stage 1 Assets/Netherfield Nottingham - Findel Education/Audit C/C4 Risk Assessments/Task Risks/Assembly and Rectification Task Risk Assessment.pdf:PDF
TechReport,NA,Baler Compactor Task Risk Assessment,NA,,2015,,,Netherfield Nottingham,Civil,Construction,Operational,Best Practice,N,,9/13/2024,,,:C\:\\Users\\Nam Le/ARCADIS/Project Tiger (2024) - General/06. Documents Provided/Stage 1 Assets/Netherfield Nottingham - Findel Education/Audit C/C4 Risk Assessments/Task Risks/Baler Compactor Task Risk Assessment.pdf:PDF
TechReport,NA,Cardboard Shedder Task Risk Assessment,NA,,2015,,,Netherfield Nottingham,General,Operation,Operational,Best Practice,N,,9/13/2024,,,:C\:\\Users\\Nam Le/ARCADIS/Project Tiger (2024) - General/06. Documents Provided/Stage 1 Assets/Netherfield Nottingham - Findel Education/Audit C/C4 Risk Assessments/Task Risks/Cardboard Shredder Task Risk Assessment.pdf:PDF
TechReport,NA,Exterior Spaces Risk Assessment,NA,,2015,,,Netherfield Nottingham,General,Operation,Operational,Best Practice,N,,9/13/2024,,,:C\:\\Users\\Nam Le/ARCADIS/Project Tiger (2024) - General/06. Documents Provided/Stage 1 Assets/Netherfield Nottingham - Findel Education/Audit C/C4 Risk Assessments/Task Risks/Exterior Spaces Risk Assessment.pdf:PDF
TechReport,OM07,First Aid Risk Assessment,NA,,2015,,,Netherfield Nottingham,General,Operation,Operational,Legal,Y,,9/13/2024,,,:C\:\\Users\\Nam Le/ARCADIS/Project Tiger (2024) - General/06. Documents Provided/Stage 1 Assets/Netherfield Nottingham - Findel Education/Audit C/C4 Risk Assessments/Task Risks/First Aid Risk Assessment.pdf:PDF
TechReport,EN14,Access Equipment Task Risk Assessment,NA,,2015,,,Netherfield Nottingham,General,Construction,Environmental,Optional,N,,9/13/2024,,,:C\:\\Users\\Nam Le/ARCADIS/Project Tiger (2024) - General/06. Documents Provided/Stage 1 Assets/Netherfield Nottingham - Findel Education/Audit C/C4 Risk Assessments/Task Risks/Access Equipment Task Risk Assessment.pdf:PDF
TechReport,ESG12,Inclement Weather Risk Assessment,NA,,2015,,,Netherfield Nottingham,General,Construction,Environmental,Best Practice,N,,9/13/2024,,,:C\:\\Users\\Nam Le/ARCADIS/Project Tiger (2024) - General/06. Documents Provided/Stage 1 Assets/Netherfield Nottingham - Findel Education/Audit C/C4 Risk Assessments/Task Risks/Inclement Weather Risk Assessment.pdf:PDF
TechReport,NA,Infill Machine Task Risk Assessment,NA,,2015,,,Netherfield Nottingham,General,Operation,Operational,Best Practice,N,,9/13/2024,,,:C\:\\Users\\Nam Le/ARCADIS/Project Tiger (2024) - General/06. Documents Provided/Stage 1 Assets/Netherfield Nottingham - Findel Education/Audit C/C4 Risk Assessments/Task Risks/Infill Machine Task Risk Assessment.pdf:PDF
TechReport,NA,Material Handling Task Risk Assessment,NA,,2015,,,Netherfield Nottingham,General,Operation,Operational,Best Practice,N,,9/13/2024,,,:C\:\\Users\\Nam Le/ARCADIS/Project Tiger (2024) - General/06. Documents Provided/Stage 1 Assets/Netherfield Nottingham - Findel Education/Audit C/C4 Risk Assessments/Task Risks/Material Handling Task Risk Assessment.pdf:PDF
TechReport,NA,Packing and Despatch Task Risk Assessment,NA,,2015,,,Netherfield Nottingham,General,Operation,Operational,Best Practice,N,,9/13/2024,,,:C\:\\Users\\Nam Le/ARCADIS/Project Tiger (2024) - General/06. Documents Provided/Stage 1 Assets/Netherfield Nottingham - Findel Education/Audit C/C4 Risk Assessments/Task Risks/Packing and Despatch Task Risk Assessment.pdf:PDF
TechReport,NA,Goods In Task Risk Assessment,NA,,2015,,,Netherfield Nottingham,General,Operation,Operational,Best Practice,N,,9/13/2024,,,:C\:\\Users\\Nam Le/ARCADIS/Project Tiger (2024) - General/06. Documents Provided/Stage 1 Assets/Netherfield Nottingham - Findel Education/Audit C/C4 Risk Assessments/Task Risks/Goods In Task Risk Assessment.pdf:PDF
TechReport,NA,Heat Seal Machine Task Risk Assessment,NA,,2015,,,Netherfield Nottingham,General,Operation,Operational,Best Practice,N,,9/13/2024,,,:C\:\\Users\\Nam Le/ARCADIS/Project Tiger (2024) - General/06. Documents Provided/Stage 1 Assets/Netherfield Nottingham - Findel Education/Audit C/C4 Risk Assessments/Task Risks/Heat Seal Machine Task Risk Assessment.pdf:PDF
TechReport,NA,Highbay Task Risk Assessment,NA,,2015,,,Netherfield Nottingham,General,Operation,Operational,Best Practice,N,,9/13/2024,,,:C\:\\Users\\Nam Le/ARCADIS/Project Tiger (2024) - General/06. Documents Provided/Stage 1 Assets/Netherfield Nottingham - Findel Education/Audit C/C4 Risk Assessments/Task Risks/Highbay Task Risk Assessment.pdf:PDF
TechReport,NA,Pump House Task Risk Assessment,NA,,2015,,,Netherfield Nottingham,Mechanical,Operation,Operational,Best Practice,N,,9/13/2024,,,:C\:\\Users\\Nam Le/ARCADIS/Project Tiger (2024) - General/06. Documents Provided/Stage 1 Assets/Netherfield Nottingham - Findel Education/Audit C/C4 Risk Assessments/Task Risks/Pump House Task Risk Assessment.pdf:PDF
TechReport,NA,Putaway Task Risk Assessment,NA,,2015,,,Netherfield Nottingham,General,Operation,Operational,Best Practice,N,,9/13/2024,,,:C\:\\Users\\Nam Le/ARCADIS/Project Tiger (2024) - General/06. Documents Provided/Stage 1 Assets/Netherfield Nottingham - Findel Education/Audit C/C4 Risk Assessments/Task Risks/Putaway Task Risk Assessment.pdf:PDF
TechReport,NA,Welfare Facilities Risk Assessment,NA,,2015,,,Netherfield Nottingham,General,General,Operational,Best Practice,N,,9/13/2024,,,:C\:\\Users\\Nam Le/ARCADIS/Project Tiger (2024) - General/06. Documents Provided/Stage 1 Assets/Netherfield Nottingham - Findel Education/Audit C/C4 Risk Assessments/Task Risks/Welfare Facilities Risk Assessment.pdf:PDF
TechReport,NA,Packsize Task Risk Assessment,NA,,2015,,,Netherfield Nottingham,General,Operation,Operational,Best Practice,N,,9/13/2024,,,:C\:\\Users\\Nam Le/ARCADIS/Project Tiger (2024) - General/06. Documents Provided/Stage 1 Assets/Netherfield Nottingham - Findel Education/Audit C/C4 Risk Assessments/Task Risks/PackSize Task Risk Assessment.pdf:PDF
TechReport,NA,Traffic Management Risk Assessment,NA,,2014,,,Netherfield Nottingham,General,Operation,Operational,Best Practice,N,,9/13/2024,,,:C\:\\Users\\Nam Le/ARCADIS/Project Tiger (2024) - General/06. Documents Provided/Stage 1 Assets/Netherfield Nottingham - Findel Education/Audit C/C4 Risk Assessments/Task Risks/Traffic Management Risk Assessment.pdf:PDF
TechReport,NA,Report of Examination of Pressure System or Parts,Adams Plant Inspections Ltd,,2022,\#oct\#,,Mill Lane Industrial Estate,Mechanical,Operation,Operational,Best Practice,N,,9/12/2024,,,:C\:\\Users\\Nam Le/ARCADIS/Project Tiger (2024) - General/06. Documents Provided/Stage 1 Assets/Mill Lane Industrial Estate  - Premier Display Units 1C and 1D/Premier Display - Horizontal weld air receiver - Thorough & Working - 24th Oct 2022.pdf:PDF
Certificate,NA,Fire Extinguisher Certificate of Inspection,Churches Fire Security Ltd.,,2023,\#may\#,,Netherfield Nottingham,FDAS,Operation,Operational,Best Practice,Y,No exact title,9/16/2024,,,:C\:\\Users\\Nam Le/ARCADIS/Project Tiger (2024) - General/06. Documents Provided/Stage 1 Assets/Netherfield Nottingham - Findel Education/Audit D/D15_Fire Fighting Equipment - 10-05-2023.pdf:PDF
Certificate,CE03,Fire Alarm Certificate of Inspection,Churches Fire Ltd,,2023,\#dec\#,,Netherfield Nottingham,FDAS,Construction,Operational,Best Practice,Y,,9/16/2024,,,:C\:\\Users\\Nam Le/ARCADIS/Project Tiger (2024) - General/06. Documents Provided/Stage 1 Assets/Netherfield Nottingham - Findel Education/Audit D/D3_Fire Alarm Service.pdf:PDF
TechReport,ESG14,Disaster Recovery Plan,MEMS Power Generation,,2023,,,Netherfield Nottingham,HSE,Operation,Environmental,Best Practice,N,No exact title,9/16/2024,,,:C\:\\Users\\Nam Le/ARCADIS/Project Tiger (2024) - General/06. Documents Provided/Stage 1 Assets/Netherfield Nottingham - Findel Education/Audit D/D20_34454 - Nottingham.pdf:PDF
TechReport,NA,RAAC Inspections Charles Street Buildings Group,Hexa Consulting Limited,,2024,May,,Hilltop Industrial Estate,Civil,Design,Operational,Best Practice,N,,9/13/2024,,https://arcadiso365.sharepoint.com/:b:/r/teams/ProjectTiger2024/Shared Documents/General/06. Documents Provided/Stage 1 Assets/RAAC Reports/601018-HEX-00-XX-RP RAAC inspection Leicester buildings.pdf?csf=1&web=1&e=eHkHt1,:C\:\\Users\\Nam Le/ARCADIS/Project Tiger (2024) - General/06. Documents Provided/Stage 1 Assets/RAAC Reports/601018-HEX-00-XX-RP RAAC inspection Leicester buildings.pdf:PDF
TechReport,NA,RAAC Inspections Charles Street Buildings Group,Hexa Consulting Limited,,2024,,,New Star Road State,Civil,Design,Operational,Best Practice,N,,9/13/2024,,,":C\:\\Users\\Nam Le/ARCADIS/Project Tiger (2024) - General/06. Documents Provided/Stage 1 Assets/RAAC Reports/601018-HEX-00-XX-RP RAAC\; New Star Rd, Bardon & Glenfield.pdf:PDF"
TechReport,NA,RAAC Inspections Charles Street Buildings Group,Hexa Consulting Limited,,2024,,,Mill Lane Industrial Estate,Civil,Design,Operational,Best Practice,N,,9/13/2024,,,:C\:\\Users\\Nam Le/ARCADIS/Project Tiger (2024) - General/06. Documents Provided/Stage 1 Assets/RAAC Reports/601018-HEX-00-XX-RP RAAC inspection Leicester buildings.pdf:PDF
TechReport,NA,RAAC Inspections Charles Street Buildings Group,Hexa Consulting Limited,,2024,,,New Star Road State,Civil,Design,Operational,Best Practice,N,,9/13/2024,,,:C\:\\Users\\Nam Le/ARCADIS/Project Tiger (2024) - General/06. Documents Provided/Stage 1 Assets/RAAC Reports/601018-HEX-00-XX-RP RAAC inspection Leicester buildings.pdf:PDF
TechReport,NA,RAAC Inspections Charles Street Buildings Group,Hexa Consulting Limited,,2024,,,Mill Lane Industrial Estate,Civil,Design,Operational,Best Practice,N,,9/13/2024,,,":C\:\\Users\\Nam Le/ARCADIS/Project Tiger (2024) - General/06. Documents Provided/Stage 1 Assets/RAAC Reports/601018-HEX-00-XX-RP RAAC\; New Star Rd, Bardon & Glenfield.pdf:PDF"
TechReport,NA,RAAC Inspections Charles Street Buildings Group,Hexa Consulting Limited,,2024,May,,Hilltop Industrial Estate,Civil,Design,Operational,Best Practice,N,,9/13/2024,,"https://arcadiso365.sharepoint.com/:b:/r/teams/ProjectTiger2024/Shared Documents/General/06. Documents Provided/Stage 1 Assets/RAAC Reports/601018-HEX-00-XX-RP RAAC; New Star Rd, Bardon & Glenfield.pdf?csf=1&web=1&e=ReszSF",":C\:\\Users\\Nam Le/ARCADIS/Project Tiger (2024) - General/06. Documents Provided/Stage 1 Assets/RAAC Reports/601018-HEX-00-XX-RP RAAC\; New Star Rd, Bardon & Glenfield.pdf:PDF"
TechReport,CE19,Service Report on Chiller,J.L. Harrison \& Son (Air Conditioning) Limited,,2024,October,,Clarence House,Energy,Operation,Operational,Best Practice,Y,,9/16/2024,,,:C\:\\Users\\Nam Le/ARCADIS/Project Tiger (2024) - General/06. Documents Provided/Stage 2 Assets/3x London Assets/Clarence House/inspection documents including landlords FRA/JL HARRISON REPORT 17 01 24 pdf-Periodicals - 10667-2 (693824).pdf:PDF
TechReport,CE19,Service Report on Chiller,J.L. Harrison \& Son (Air Conditioning) Limited,,2024,\#jan\#,,Clarence House,Energy,Operation,Operational,Best Practice,Y,,9/16/2024,,,:C\:\\Users\\Nam Le/ARCADIS/Project Tiger (2024) - General/06. Documents Provided/Stage 2 Assets/3x London Assets/Clarence House/inspection documents including landlords FRA/JL HARRISON REPORT 17 01 2024 pdf-Periodicals - 10667-2 (693823).pdf:PDF
TechReport,CE19,Service Report on Chiller,J.L. Harrison \& Son (Air Conditioning) Limited,,2024,\#oct\#,,Clarence House,Energy,Operation,Operational,Best Practice,Y,,9/16/2024,,,:C\:\\Users\\Nam Le/ARCADIS/Project Tiger (2024) - General/06. Documents Provided/Stage 2 Assets/3x London Assets/Clarence House/inspection documents including landlords FRA/JL HARRISON REPORT U1 25 10 23 pdf-Periodicals - 10667-2 (666588).pdf:PDF
TechReport,CE19,Service Report on Chiller,J.L. Harrison \& Son (Air Conditioning) Limited,,2024,\#oct\#,,Clarence House,Energy,Operation,Operational,Best Practice,Y,,9/16/2024,,,:C\:\\Users\\Nam Le/ARCADIS/Project Tiger (2024) - General/06. Documents Provided/Stage 2 Assets/3x London Assets/Clarence House/inspection documents including landlords FRA/JL HARRISON REPORT U2 25 10 23 pdf-Periodicals - 10667-2 (666589).pdf:PDF
TechReport,CE19,Service Report on Chiller,J.L. Harrison \& Son (Air Conditioning) Limited,,2024,\#may\#,,Clarence House,Energy,Operation,Operational,Best Practice,Y,,9/16/2024,,,:C\:\\Users\\Nam Le/ARCADIS/PROJEC~1/069DA0~1.DOC/STAGE2~1/3XLOND~1/CLAREN~1/INSPEC~1/JL49A5~1.PDF:PDF
TechReport,DE01,Maintenance Manual Handling Risk Assessment,NA,,2016,,,Netherfield Nottingham,General,Maintenance,Operational,Best Practice,N,,9/13/2024,,,:C\:\\Users\\Nam Le/ARCADIS/Project Tiger (2024) - General/06. Documents Provided/Stage 1 Assets/Netherfield Nottingham - Findel Education/Audit C/C4 Risk Assessments/Task Risks/Maintenance Manual Handling Risk Assessment.pdf:PDF
TechReport,DE01,Returns Manual Handling Risk Assessment,NA,,2016,,,Netherfield Nottingham,General,Operation,Operational,Best Practice,N,,9/13/2024,,,:C\:\\Users\\Nam Le/ARCADIS/Project Tiger (2024) - General/06. Documents Provided/Stage 1 Assets/Netherfield Nottingham - Findel Education/Audit C/C4 Risk Assessments/Task Risks/Returns Manual Handling Risk Assessment.pdf:PDF
TechReport,DE01,Picking Manual Handling Risk Assessment,NA,,2016,,,Netherfield Nottingham,General,Operation,Operational,Best Practice,N,,9/13/2024,,,:C\:\\Users\\Nam Le/ARCADIS/Project Tiger (2024) - General/06. Documents Provided/Stage 1 Assets/Netherfield Nottingham - Findel Education/Audit C/C4 Risk Assessments/Task Risks/Picking Manual Handling Risk Assessment.pdf:PDF
TechReport,DE01,Packing \& Despatch Manual Handling Risk Assessment,NA,,2014,,,Netherfield Nottingham,General,Operation,Operational,Best Practice,N,,9/13/2024,,,:C\:\\Users\\Nam Le/ARCADIS/Project Tiger (2024) - General/06. Documents Provided/Stage 1 Assets/Netherfield Nottingham - Findel Education/Audit C/C4 Risk Assessments/Task Risks/Packing and Despatch Manual Handling Risk Assessment.pdf:PDF
TechReport,DE01,Goods in Manual Handling Risk Assessment,NA,,2014,,,Netherfield Nottingham,General,Operation,Operational,Legal,Y,,9/13/2024,,,:C\:\\Users\\Nam Le/ARCADIS/Project Tiger (2024) - General/06. Documents Provided/Stage 1 Assets/Netherfield Nottingham - Findel Education/Audit C/C4 Risk Assessments/Task Risks/Goods In Manual Handling Risk Assessment.pdf:PDF
TechReport,DE01,Assembly Manual Handling Risk Assessment,NA,,1992,,,Netherfield Nottingham,General,Construction,Operational,Best Practice,N,,9/13/2024,,,:C\:\\Users\\Nam Le/ARCADIS/Project Tiger (2024) - General/06. Documents Provided/Stage 1 Assets/Netherfield Nottingham - Findel Education/Audit C/C4 Risk Assessments/Task Risks/Assembly Manual Handling Risk Assessment.pdf:PDF
Certificate,NA,Certificate of Practical Completion,CBRE Limited,,2018,\#mar\#,2/8/2019,4 Matthew Parker Street,General,General,Other,Other,N,,9/13/2024,,,:C\:\\Users\\Nam Le/ARCADIS/Project Tiger (2024) - General/06. Documents Provided/Stage 2 Assets/3x London Assets/Clarence House/Cert of PC - 3rd Floor.pdf:PDF
Brochure,NA,Marketing Advertisement(Jermyn Street and Savoy Baths),Prime London Portfolio,,2023,,,Jermyn Street and Savoy Baths,General,General,Other,Other,N,No clear title the document title has been created,9/13/2024,,,:C\:\\Users\\Nam Le/ARCADIS/Project Tiger (2024) - General/06. Documents Provided/Stage 2 Assets/3x London Assets/Project Tiger - Information Memorandum (Jermyn Street).pdf:PDF
Certificate,NA,Certificate of Making Good,Joneshargeaves Building + Project Consultants,,2024,\#apr\#,NA,Clarence House,Architectural,Maintenance,Other,Other,N,,9/13/2024,,,:C\:\\Users\\Nam Le/ARCADIS/Project Tiger (2024) - General/06. Documents Provided/Stage 2 Assets/3x London Assets/Clarence House/Certificate of Making Good.pdf:PDF
Certificate,NA,Draft Certificate of Title,NA,,NA,NA,NA,Mayfair,General,General,Other,Other,N,Draft document,9/16/2024,,,:C\:\\Users\\Nam Le/ARCADIS/Project Tiger (2024) - General/06. Documents Provided/Stage 2 Assets/Title Plans (at rear of document)/DRAFT - Certificate of Title  - Curzon Street_ Mayfair_ London - 31.05.2024.pdf:PDF
Certificate,NA,Draft Certificate of Title,NA,,NA,NA,NA,Jermyn Street and Savoy Baths,General,General,Other,Other,N,Draft document,9/16/2024,,,:C\:\\Users\\Nam Le/ARCADIS/Project Tiger (2024) - General/06. Documents Provided/Stage 2 Assets/Title Plans (at rear of document)/DRAFT - Certificate of Title - Jermyn Street - 31.05.2024.pdf:PDF
Certificate,NA,Draft Certificate of Title,NA,,NA,NA,NA,"OxAM House,Oxford",General,General,Other,Other,N,Draft document,9/16/2024,,,:C\:\\Users\\Nam Le/ARCADIS/Project Tiger (2024) - General/06. Documents Provided/Stage 2 Assets/Title Plans (at rear of document)/DRAFT - Certificate of Title re OxAM House_ 4-16 George Street_ Oxford OX1 2AF - 31.05.2024.pdf:PDF
Certificate,NA,Draft Certificate of Title,NA,,NA,NA,NA,Flatten Way,General,General,Other,Other,N,Draft document,9/16/2024,,,:C\:\\Users\\Nam Le/ARCADIS/Project Tiger (2024) - General/06. Documents Provided/Stage 2 Assets/Title Plans (at rear of document)/DRAFT Certificate of Title - Flatten Way Syston - 31.05.2024.pdf:PDF
Plan,LE01,Title Plan - LT314475,HM Land Registry,,2024,\#apr\#,,Mill Lane Industrial Estate,Legal,General,Legal,Legal,Y,"Also inculded in Other sites not in our scope"" folder""",9/16/2024,,,:C\:\\Users\\Nam Le/ARCADIS/Project Tiger (2024) - General/06. Documents Provided/Stage 1 Assets/Title Plans/Mil Lane/Title Plan - LT314475.pdf:PDF
Brochure,NA,Marketing Advertisement,NA,,2024,,,Beveridge Lane,General,General,Other,Other,N,4 Assets in one file,9/16/2024,,,:C\:\\Users\\Nam Le/ARCADIS/Project Tiger (2024) - General/06. Documents Provided/Stage 2 Assets/4x logistic Assets/Project Tiger - Information Memorandum (4 x industrials).pdf:PDF
Brochure,NA,Marketing Advertisement,NA,,2024,,,Uxbridgeroad Estate,General,General,Other,Other,N,4 Assets in one file,9/16/2024,,,:C\:\\Users\\Nam Le/ARCADIS/Project Tiger (2024) - General/06. Documents Provided/Stage 2 Assets/4x logistic Assets/Project Tiger - Information Memorandum (4 x industrials).pdf:PDF
Brochure,NA,Marketing Advertisement,NA,,2024,,,Flatten Way,General,General,Other,Other,N,4 Assets in one file,9/16/2024,,,:C\:\\Users\\Nam Le/ARCADIS/Project Tiger (2024) - General/06. Documents Provided/Stage 2 Assets/4x logistic Assets/Project Tiger - Information Memorandum (4 x industrials).pdf:PDF
Brochure,NA,Marketing Advertisement,NA,,2024,,,The Woodlands,General,General,Other,Other,N,4 Assets in one file,9/16/2024,,,:C\:\\Users\\Nam Le/ARCADIS/Project Tiger (2024) - General/06. Documents Provided/Stage 2 Assets/4x logistic Assets/Project Tiger - Information Memorandum (4 x industrials).pdf:PDF
TechReport,NA,RAAC Inspections Charles Street Buildings Group,Hexa Consulting Limited,,2024,\#may\#,,Hilltop Industrial Estate,Civil,Design,Operational,Best Practice,N,,9/12/2024,,"https://arcadiso365.sharepoint.com/:b:/r/teams/ProjectTiger2024/Shared Documents/General/06. Documents Provided/Stage 1 Assets/RAAC Reports/601018-HEX-00-XX-RP RAAC; New Star Rd, Bardon & Glenfield.pdf?csf=1&web=1&e=ReszSF",:C\:\\Users\\Nam Le/ARCADIS/Project Tiger (2024) - General/06. Documents Provided/Stage 1 Assets/RAAC Reports/601018-HEX-00-XX-RP RAAC inspection Leicester buildings 1.pdf:PDF
TechReport,NA,RAAC Inspections Charles Street Buildings Group,Hexa Consulting Limited,,2024,\#may\#,,Mill Lane Industrial Estate,Civil,Design,Operational,Best Practice,N,,9/12/2024,,,:C\:\\Users\\Nam Le/ARCADIS/Project Tiger (2024) - General/06. Documents Provided/Stage 1 Assets/RAAC Reports/601018-HEX-00-XX-RP RAAC inspection Leicester buildings 1.pdf:PDF
TechReport,NA,RAAC Inspections Charles Street Buildings Group,Hexa Consulting Limited,,2024,\#may\#,,New Star Road State,Civil,Design,Operational,Best Practice,N,,9/12/2024,,,:C\:\\Users\\Nam Le/ARCADIS/Project Tiger (2024) - General/06. Documents Provided/Stage 1 Assets/RAAC Reports/601018-HEX-00-XX-RP RAAC inspection Leicester buildings 1.pdf:PDF
Lease,LE03,Lease of 28th January 2010,NA,,2010,\#jan\#,,Mill Lane Industrial Estate,Contract,General,Legal,Legal,Y,,9/12/2024,,,:C\:\\Users\\Nam Le/ARCADIS/Project Tiger (2024) - General/06. Documents Provided/Stage 1 Assets/Mill Lane Industrial Estate  - Premier Display Units 1C and 1D/Lease of 28th January 2010.pdf:PDF
Standard,ESG01,Minimum Energy Efficiency Standard Report,Ashby Energy Assessors Ltd,,2023,,,Mill Lane Industrial Estate,Energy,Design,Environmental,Best Practice,N,,9/12/2024,,,":C\:\\Users\\Nam Le/ARCADIS/Project Tiger (2024) - General/06. Documents Provided/Stage 1 Assets/Mill Lane Ind Estate EPCs/Unit 4 + Ext, Mill Lane Glenfield Leicester LE3 8DX - Reccomendation.pdf:PDF"
Certificate,CE22,Certificate of Electrical Appliance Testing,Compliance Group Electrical Ltd,,2024,\#jan\#,24 Janury 2025,Mill Lane Industrial Estate,Electronics,General,Operational,Best Practice,N,,9/12/2024,,,:C\:\\Users\\Nam Le/ARCADIS/Project Tiger (2024) - General/06. Documents Provided/Stage 1 Assets/Mill Lane Industrial Estate  - Premier Display Units 1C and 1D/TS2283-1 - PREMIER DISPLAY LTD - CERTIFICATE.pdf:PDF
Certificate,ESG06,Energy performance certificate (EPC),Elmhurst Energy Systems Ltd,,2023,\#nov\#,15-Nov-33,Hilltop Industrial Estate,Energy,Operation,Environmental,Legal,Y,,9/12/2024,,https://arcadiso365.sharepoint.com/:b:/r/teams/ProjectTiger2024/Shared Documents/General/06. Documents Provided/Stage 1 Assets/Hilltop Ind Estate EPCs/Green Plan IT -  Unit 5 Dromintee Road Green Plan-it final EPC.pdf?csf=1&web=1&e=Py8Ve0,:C\:\\Users\\Nam Le/ARCADIS/Project Tiger (2024) - General/06. Documents Provided/Stage 1 Assets/Hilltop Ind Estate EPCs/Green Plan IT -  Unit 5 Dromintee Road Green Plan-it final EPC.pdf:PDF
Certificate,ESG06,Building Energy Performance Certificate Non-Domestic Building,Elmhurst Energy Systems Ltd,,2023,\#oct\#,29-Oct-33,Mill Lane Industrial Estate,Energy,Operation,Environmental,Legal,Y,,9/12/2024,,,":C\:\\Users\\Nam Le/ARCADIS/Project Tiger (2024) - General/06. Documents Provided/Stage 1 Assets/Mill Lane Ind Estate EPCs/Unit 3B - Mill Lane Industrial Estate, Glenfield, Unit 3B draft SBEM.pdf:PDF"
Certificate,ESG06,Energy performance certificate (EPC),Elmhurst Energy Systems Ltd,,2023,\#nov\#,15-Nov-33,Mill Lane Industrial Estate,Energy,Operation,Environmental,Legal,Y,,9/12/2024,,,":C\:\\Users\\Nam Le/ARCADIS/Project Tiger (2024) - General/06. Documents Provided/Stage 1 Assets/Mill Lane Ind Estate EPCs/Unit 5_Mill Lane Industrial Estate, Glenfield.pdf:PDF"
Certificate,ESG06,Energy performance certificate (EPC),Elmhurst Energy Systems Ltd,,2023,\#nov\#,15-Nov-33,Mill Lane Industrial Estate,Energy,Operation,Environmental,Legal,Y,,9/12/2024,,,":C\:\\Users\\Nam Le/ARCADIS/Project Tiger (2024) - General/06. Documents Provided/Stage 1 Assets/Mill Lane Ind Estate EPCs/Unit 5i - Mill Lane Industrial Estate, Glenfield - EPC.pdf:PDF"
Certificate,ESG06,Energy performance certificate (EPC),Elmhurst Energy Systems Ltd,,2023,\#nov\#,15-Nov-33,Mill Lane Industrial Estate,Energy,Operation,Environmental,Legal,Y,,9/12/2024,,,":C\:\\Users\\Nam Le/ARCADIS/Project Tiger (2024) - General/06. Documents Provided/Stage 1 Assets/Mill Lane Ind Estate EPCs/Unit 5ii - Mill Lane Industrial Estate, Glenfield -  EPC.pdf:PDF"
Certificate,ESG06,Building Energy Performance Certificate Non-Domestic Building,Elmhurst Energy Systems Ltd,,2023,\#oct\#,24-Oct-33,Mill Lane Industrial Estate,Energy,Operation,Environmental,Legal,Y,,9/12/2024,,,:C\:\\Users\\Nam Le/ARCADIS/Project Tiger (2024) - General/06. Documents Provided/Stage 1 Assets/Mill Lane Ind Estate EPCs/Unit 8 Mill Lane - Draft SBEM.pdf:PDF
Certificate,ESG06,Energy performance certificate (EPC),Elmhurst Energy Systems Ltd,,2023,\#nov\#,15-Nov-33,Hilltop Industrial Estate,Energy,Operation,Environmental,Legal,Y,,9/12/2024,,https://arcadiso365.sharepoint.com/:b:/r/teams/ProjectTiger2024/Shared Documents/General/06. Documents Provided/Stage 1 Assets/Hilltop Ind Estate EPCs/Green Plan IT -  Unit 5 Dromintee Road Green Plan-it final EPC.pdf?csf=1&web=1&e=Py8Ve0,":C\:\\Users\\Nam Le/ARCADIS/Project Tiger (2024) - General/06. Documents Provided/Stage 1 Assets/Hilltop Ind Estate EPCs/OMS - 1 Dromintee Road, Bardon Hill, LE67 1TX final EPC.pdf:PDF"
Certificate,ESG06,Energy performance certificate (EPC),Elmhurst Energy Systems Ltd,,2023,\#nov\#,15-Nov-33,Hilltop Industrial Estate,Energy,Operation,Environmental,Legal,Y,,9/12/2024,,https://arcadiso365.sharepoint.com/:b:/r/teams/ProjectTiger2024/Shared Documents/General/06. Documents Provided/Stage 1 Assets/Hilltop Ind Estate EPCs/Premier logistics final - EPC 17th Nov 2023.pdf?csf=1&web=1&e=C5goUL,:C\:\\Users\\Nam Le/ARCADIS/Project Tiger (2024) - General/06. Documents Provided/Stage 1 Assets/Hilltop Ind Estate EPCs/Premier logistics final - EPC 17th Nov 2023.pdf:PDF
Certificate,ESG06,Building Energy Performance Certificate,Elmhurst Energy Systems Ltd,,2022,\#dec\#,11-Dec-32,Mill Lane Industrial Estate,Energy,Operation,Environmental,Legal,Y,,9/12/2024,,,:C\:\\Users\\Nam Le/ARCADIS/Project Tiger (2024) - General/06. Documents Provided/Stage 1 Assets/Mill Lane Ind Estate EPCs/Unit 1C.1D Mill Lane  - Draft DSM.pdf:PDF
Certificate,ESG06,Building Energy Performance Certificate Non-Domestic Building,Elmhurst Energy Systems Ltd,,2022,\#dec\#,11-Dec-32,Mill Lane Industrial Estate,Energy,Operation,Environmental,Legal,Y,,9/12/2024,,,:C\:\\Users\\Nam Le/ARCADIS/Project Tiger (2024) - General/06. Documents Provided/Stage 1 Assets/Mill Lane Ind Estate EPCs/Unit 1C.1D Mill Lane  - Draft SBEM (1).pdf:PDF
Certificate,ESG06,Energy performance certificate (EPC),Elmhurst Energy Systems Ltd,,2021,\#jun\#,14-Jun-31,Hilltop Industrial Estate,Energy,Operation,Environmental,Legal,Y,,9/12/2024,,https://arcadiso365.sharepoint.com/:b:/r/teams/ProjectTiger2024/Shared Documents/General/06. Documents Provided/Stage 1 Assets/Hilltop Ind Estate EPCs/EPC - Gregory Distribution.pdf?csf=1&web=1&e=VmPIFA,:C\:\\Users\\Nam Le/ARCADIS/Project Tiger (2024) - General/06. Documents Provided/Stage 1 Assets/Hilltop Ind Estate EPCs/EPC - Gregory Distribution.pdf:PDF
Certificate,ESG06,Energy performance certificate (EPC),Elmhurst Energy Systems Ltd,,2021,\#may\#,19-May-31,Hilltop Industrial Estate,Energy,Operation,Environmental,Legal,Y,,9/12/2024,,"https://arcadiso365.sharepoint.com/:b:/r/teams/ProjectTiger2024/Shared Documents/General/06. Documents Provided/Stage 1 Assets/Hilltop Ind Estate EPCs/Go Plant - EPC Franks Road, Bardon.pdf?csf=1&web=1&e=KOiXuj",":C\:\\Users\\Nam Le/ARCADIS/Project Tiger (2024) - General/06. Documents Provided/Stage 1 Assets/Hilltop Ind Estate EPCs/Go Plant - EPC Franks Road, Bardon.pdf:PDF"
Certificate,ESG06,Energy Performance Certificate Non-Domestic Building,Elmhurst Energy Systems Ltd,,2020,\#feb\#,24-Feb-30,Mill Lane Industrial Estate,Energy,Operation,Environmental,Legal,Y,,9/12/2024,,,:C\:\\Users\\Nam Le/ARCADIS/Project Tiger (2024) - General/06. Documents Provided/Stage 1 Assets/Mill Lane Ind Estate EPCs/EPC - Unit 7 - Nissin UK.pdf:PDF
Certificate,ESG06,Energy Performance Certificate Non-Domestic Building,Elmhurst Energy Systems Ltd,,2019,\#feb\#,27-Feb-29,Hilltop Industrial Estate,Energy,Operation,Environmental,Legal,Y,,9/12/2024,,,:C\:\\Users\\Nam Le/ARCADIS/Project Tiger (2024) - General/06. Documents Provided/Stage 1 Assets/Hilltop Ind Estate EPCs/Complex Logistics - 1b Dromintee Road - EPC Report.pdf:PDF
Certificate,ESG06,Energy performance certificate (EPC),Stroma Certification Ltd,,2018,\#oct\#,21-Oct-28,Hilltop Industrial Estate,Energy,Operation,Environmental,Legal,Y,,9/12/2024,,,:C\:\\Users\\Nam Le/ARCADIS/Project Tiger (2024) - General/06. Documents Provided/Stage 1 Assets/Hilltop Ind Estate EPCs/Board 24 - EPC - Hilltop Industrial Estate.pdf:PDF
Certificate,ESG06,Energy Performance Certificate Non-Domestic Building,Elmhurst Energy Systems Ltd,,2018,\#aug\#,1-Aug-28,Hilltop Industrial Estate,Energy,Operation,Environmental,Legal,Y,,9/12/2024,,,:C\:\\Users\\Nam Le/ARCADIS/Project Tiger (2024) - General/06. Documents Provided/Stage 1 Assets/Hilltop Ind Estate EPCs/MTS Waker Road Bardon Coalville LE67 1TZ EPC Report.pdf:PDF
TechReport,NA,LEV thorough examination \& testing report,Impact Technical Services Ltd,,2024,,,Mill Lane Industrial Estate,Mechanical,Maintenance,Operational,Best Practice,N,,9/12/2024,,,:C\:\\Users\\Nam Le/ARCADIS/Project Tiger (2024) - General/06. Documents Provided/Stage 1 Assets/Mill Lane Industrial Estate  - Premier Display Units 1C and 1D/14609 LEV TExT Report Feb 2024.pdf:PDF
Certificate,ESG06,Energy performance certificate (EPC),Stroma Certification Ltd,,2023,\#feb\#,2-Feb-33,Mill Lane Industrial Estate,Energy,Operation,Environmental,Legal,Y,,9/12/2024,,,:C\:\\Users\\Nam Le/ARCADIS/Project Tiger (2024) - General/06. Documents Provided/Stage 1 Assets/Mill Lane Ind Estate EPCs/EPC - Elliott Baxter Units.pdf:PDF
Certificate,ESG06,Energy performance certificate (EPC),Stroma Certification Ltd,,2023,\#apr\#,5-Apr-33,Hilltop Industrial Estate,Energy,Operation,Environmental,Legal,Y,,9/12/2024,,,:C\:\\Users\\Nam Le/ARCADIS/Project Tiger (2024) - General/06. Documents Provided/Stage 1 Assets/Hilltop Ind Estate EPCs/Mitchell Storage Distribution - Unit 3 Dronintee Road - EPC.pdf:PDF
Certificate,ESG06,Energy performance certificate (EPC),Stroma Certification Ltd,,2023,\#jan\#,30-Jan-33,Netherfield Nottingham,Energy,Operation,Environmental,Legal,Y,,9/12/2024,,,:C\:\\Users\\Nam Le/ARCADIS/Project Tiger (2024) - General/06. Documents Provided/Stage 1 Assets/Netherfield EPCs/EPC for Findel.pdf:PDF
Certificate,ESG06,Energy performance certificate (EPC),Stroma Certification Ltd,,2023,\#jan\#,30-Jan-33,Netherfield Nottingham,Energy,Operation,Environmental,Legal,Y,,9/12/2024,,,:C\:\\Users\\Nam Le/ARCADIS/Project Tiger (2024) - General/06. Documents Provided/Stage 1 Assets/Netherfield EPCs/EPC Recommendations Report for Findel.pdf:PDF
TechReport,CE04,Lightning Protection Test and Inspect,Test Stirke UK Ltd,,2023,,,Netherfield Nottingham,FDAS,Construction,Operational,Best Practice,Y,,9/16/2024,,,:C\:\\Users\\Nam Le/ARCADIS/Project Tiger (2024) - General/06. Documents Provided/Stage 1 Assets/Netherfield Nottingham - Findel Education/Audit D/D4_Lightning Protection.pdf:PDF
Certificate,CE04,Certificate of Test and Inspection,Premier Technical Services Group,,2023,\#sep\#,"September 26,2024",Clarence House,Electrical,Operation,Operational,Best Practice,Y,,9/16/2024,,,:C\:\\Users\\Nam Le/ARCADIS/Project Tiger (2024) - General/06. Documents Provided/Stage 2 Assets/3x London Assets/Clarence House/inspection documents including landlords FRA/PTSG LIGHTNING PROTECTION CERT pdf-Periodicals - 10667-2 (658640).pdf:PDF
TechReport,CE25,Electrical Thermographic Report,iRed Ltd,,2018,,,Netherfield Nottingham,Electrical,Operation,Operational,Best Practice,N,No exact title,9/16/2024,,,:C\:\\Users\\Nam Le/ARCADIS/Project Tiger (2024) - General/06. Documents Provided/Stage 1 Assets/Netherfield Nottingham - Findel Education/Audit D/D25_Findel Education - Nottingham - IrPIR.pdf:PDF
Contract,CO01,Contractor Warranty,Aviva Life \& Pensions UK Limited,,2016,\#may\#,NA,4 Matthew Parker Street,Legal,General,Construction Contract Warranty,Legal,Y,,9/13/2024,,,:C\:\\Users\\Nam Le/ARCADIS/Project Tiger (2024) - General/06. Documents Provided/Stage 2 Assets/3x London Assets/Clarence House/Tenant Contractor Warranty - BW Interiors 31.05.16.pdf:PDF
TechReport,CE02,Results of Anchor Point/Anchorage Tests,Access Testing,,2024,,,Netherfield Nottingham,Structural,Construction,Operational,Best Practice,Y,,9/16/2024,,,:C\:\\Users\\Nam Le/ARCADIS/Project Tiger (2024) - General/06. Documents Provided/Stage 1 Assets/Netherfield Nottingham - Findel Education/Audit D/D2_20240214-CERACL2177_1-Test & Inspection-Findel_Education_Ltd-ACT001A_Anchor_Points_Inspection_Test.pdf:PDF
TechReport,CE02,Wire System Inspection,Access Testing,,2024,,,Netherfield Nottingham,Electrical,Construction,Operational,Best Practice,Y,,9/16/2024,,,:C\:\\Users\\Nam Le/ARCADIS/PROJEC~1/069DA0~1.DOC/STAGE1~1/NETHER~2/AUDITD~1/D2_202~2.PDF:PDF
Certificate,CE22,Findel Education Certificate of Conformity,Mitre Appliance Testing Ltd,,2023,\#oct\#,11-Oct-24,Netherfield Nottingham,Electronics,Operation,Operational,Best Practice,N,,9/16/2024,,,:C\:\\Users\\Nam Le/ARCADIS/Project Tiger (2024) - General/06. Documents Provided/Stage 1 Assets/Netherfield Nottingham - Findel Education/Audit D/D22_Findel Education Certificate.pdf:PDF
TechReport,CE22,Test Result for Findel Education,Mitre Appliance Testing Ltd,,2023,,,Netherfield Nottingham,Electronics,Operation,Operational,Best Practice,N,,9/16/2024,,,:C\:\\Users\\Nam Le/ARCADIS/Project Tiger (2024) - General/06. Documents Provided/Stage 1 Assets/Netherfield Nottingham - Findel Education/Audit D/D22_Findel Education Report.pdf:PDF
Misc,OM02,Fire Risk Assessment 2024,NA,,2024,,,Mill Lane Industrial Estate,FDAS,General,Operational,Legal,Y,,9/12/2024,,,:C\:\\Users\\Nam Le/ARCADIS/Project Tiger (2024) - General/06. Documents Provided/Stage 1 Assets/Mill Lane Industrial Estate  - Premier Display Units 1C and 1D/Copy of FIRE RISK ASSESSMENT 2024  - Premier Display Limited.xlsx:Excel 2007+
Misc,NA,Client Questionnaire - Hilltop Industrial Estate Bardon,NA,,2023,,,Hilltop Industrial Estate,General,General,Other,Other,N,,9/12/2024,,,:C\:\\Users\\Nam Le/ARCADIS/Project Tiger (2024) - General/06. Documents Provided/Stage 1 Assets/Hilltop Ind Estate/Client Questionnaire - Hilltop Industrial Estate Bardon(692793310.1).doc:Word
Misc,NA,"Client Questionnaire_ Netherfield, Pintail House, Nottingham",NA,,2023,,,Netherfield Nottingham,General,General,Other,Other,N,,9/12/2024,,,":C\:\\Users\\Nam Le/ARCADIS/Project Tiger (2024) - General/06. Documents Provided/Stage 1 Assets/Netherfield Certificate of Title Questionnaire/Client Questionnaire_ Netherfield, Pintail House, Nottingham(692_3534727_1.doc:Word"
TechReport,CE11,Closed System Analysis of Clarence House,AQUA Compliance Services Limited,,2024,\#jan\#,,Clarence House,Environment,Operation,Operational,Best Practice,Y,,9/16/2024,,,:C\:\\Users\\Nam Le/ARCADIS/Project Tiger (2024) - General/06. Documents Provided/Stage 2 Assets/3x London Assets/Clarence House/inspection documents including landlords FRA/15.1.24 - 4 MPS - Closed System Analysis Report.pdf:PDF
Certificate,ESG06,Energy performance certificate (EPC),NHER,,2015,\#aug\#,19-Aug-25,Hilltop Industrial Estate,Energy,Operation,Environmental,Legal,Y,,9/12/2024,,,:C\:\\Users\\Nam Le/ARCADIS/Project Tiger (2024) - General/06. Documents Provided/Stage 1 Assets/Hilltop Ind Estate EPCs/EPC - Electract Unit.pdf:PDF
TechReport,OM02,Findel Fire Risk Assessment,NA,,2024,,,Netherfield Nottingham,FDAS,Construction,Operational,Legal,Y,,9/13/2024,,,:C\:\\Users\\Nam Le/ARCADIS/Project Tiger (2024) - General/06. Documents Provided/Stage 1 Assets/Netherfield Nottingham - Findel Education/Audit C/C1_NOTTINGHAM FRA 2024-2025.pdf:PDF
Plan,LE01,Official Copy (Title Plan) LT335729,HM Land Registry,,2024,\#mar\#,,Abbey Sidings,Legal,General,Legal,Legal,Y,"Also inculded in Other sites not in our scope"" folder""",9/16/2024,,,:C\:\\Users\\Nam Le/ARCADIS/Project Tiger (2024) - General/06. Documents Provided/Stage 1 Assets/Title Plans/Abbey Sidings/Official Copy (Title Plan) LT335729.pdf:PDF
Plan,LE01,Official Copy (Title Plan) LT84242,HM Land Registry,,2024,\#mar\#,,Abbey Sidings,Legal,General,Legal,Legal,Y,,9/16/2024,,,:C\:\\Users\\Nam Le/ARCADIS/Project Tiger (2024) - General/06. Documents Provided/Stage 1 Assets/Title Plans/Abbey Sidings/Official Copy (Title Plan) LT84242.pdf:PDF
Plan,LE01,Official Copy (Title Plan) NGL823752,HM Land Registry,,2024,\#mar\#,,Clarence House,Legal,General,Legal,Legal,Y,Other sites not in our scope,9/16/2024,,,":C\:\\Users\\Nam Le/ARCADIS/Project Tiger (2024) - General/06. Documents Provided/Stage 1 Assets/Title Plans/Other sites not in our scope/Title Plans/Title Plans/Clarence House, Matthew Parker Street/Official Copy (Title Plan) NGL823752.pdf:PDF"
Plan,LE01,Official Copy (Title Plan) NT257130,HM Land Registry,,2024,\#mar\#,,"Clumber street, Nottingham",Legal,General,Legal,Legal,Y,Other sites not in our scope,9/16/2024,,,":C\:\\Users\\Nam Le/ARCADIS/Project Tiger (2024) - General/06. Documents Provided/Stage 1 Assets/Title Plans/Other sites not in our scope/Title Plans/Title Plans/Clumber Street, Nottingham/Official Copy (Title Plan) NT257130.pdf:PDF"
Plan,LE01,Official Copy (Title Plan) NT271956,HM Land Registry,,2024,\#mar\#,,"Clumber street, Nottingham",Legal,General,Legal,Legal,Y,Other sites not in our scope,9/16/2024,,,":C\:\\Users\\Nam Le/ARCADIS/Project Tiger (2024) - General/06. Documents Provided/Stage 1 Assets/Title Plans/Other sites not in our scope/Title Plans/Title Plans/Clumber Street, Nottingham/Official Copy (Title Plan) NT271956.pdf:PDF"
Plan,LE01,Official Copy (Title Plan) LN48516,HM Land Registry,,2024,\#mar\#,,"Curzon Street, London",Legal,General,Legal,Legal,Y,Other sites not in our scope,9/16/2024,,,":C\:\\Users\\Nam Le/ARCADIS/Project Tiger (2024) - General/06. Documents Provided/Stage 1 Assets/Title Plans/Other sites not in our scope/Title Plans/Title Plans/Curzon Street, London/Official Copy (Title Plan) LN48516.pdf:PDF"
Plan,LE01,Official Copy (Title Plan) LN68864,HM Land Registry,,2024,\#mar\#,,"Curzon Street, London",Legal,General,Legal,Legal,Y,Other sites not in our scope,9/16/2024,,,":C\:\\Users\\Nam Le/ARCADIS/Project Tiger (2024) - General/06. Documents Provided/Stage 1 Assets/Title Plans/Other sites not in our scope/Title Plans/Title Plans/Curzon Street, London/Official Copy (Title Plan) LN68864.pdf:PDF"
Plan,LE01,Official Copy (Title Plan) NN165788,HM Land Registry,,2024,\#mar\#,,"Earlestrees Road, Corby",Legal,General,Legal,Legal,Y,Other sites not in our scope,9/16/2024,,,":C\:\\Users\\Nam Le/ARCADIS/Project Tiger (2024) - General/06. Documents Provided/Stage 1 Assets/Title Plans/Other sites not in our scope/Title Plans/Title Plans/Earlestrees Road, Corby/Official Copy (Title Plan) NN165788.pdf:PDF"
Plan,LE01,Official Copy (Title Plan) TT13476,HM Land Registry,,2024,\#mar\#,,"Eclipse Park, Maidstone",Legal,General,Legal,Legal,Y,Other sites not in our scope,9/16/2024,,,":C\:\\Users\\Nam Le/ARCADIS/Project Tiger (2024) - General/06. Documents Provided/Stage 1 Assets/Title Plans/Other sites not in our scope/Title Plans/Title Plans/Eclipse Park, Maidstone/Official Copy (Title Plan) TT13476.pdf:PDF"
Plan,LE01,Official Copy (Title Plan) LT239282,HM Land Registry,,2024,\#mar\#,,Flatten Way,Legal,General,Legal,Legal,Y,Other sites not in our scope,9/16/2024,,,":C\:\\Users\\Nam Le/ARCADIS/Project Tiger (2024) - General/06. Documents Provided/Stage 1 Assets/Title Plans/Other sites not in our scope/Title Plans/Title Plans/Flatten Way, Syston/Official Copy (Title Plan) LT239282.pdf:PDF"
Plan,LE01,Official Copy (Title Plan) LT370385,HM Land Registry,,2024,\#mar\#,,"Hawley Road, Hinckley",Legal,General,Legal,Legal,Y,Other sites not in our scope,9/16/2024,,,":C\:\\Users\\Nam Le/ARCADIS/Project Tiger (2024) - General/06. Documents Provided/Stage 1 Assets/Title Plans/Other sites not in our scope/Title Plans/Title Plans/Hawley Road, Hinckley/Official Copy (Title Plan) LT370385.pdf:PDF"
Plan,LE01,Official Copy (Title Plan) LT150984,HM Land Registry,,2024,\#mar\#,,"Hawley Road, Hinckley",Legal,General,Legal,Legal,Y,Other sites not in our scope,9/16/2024,,,":C\:\\Users\\Nam Le/ARCADIS/Project Tiger (2024) - General/06. Documents Provided/Stage 1 Assets/Title Plans/Other sites not in our scope/Title Plans/Title Plans/Hawley Road, Hinckley/Official Copy (Title Plan) LT150984.pdf:PDF"
Plan,LE01,Official Copy (Title Plan) LT167319,HM Land Registry,,2024,\#mar\#,,"Hawley Road, Hinckley",Legal,General,Legal,Legal,Y,Other sites not in our scope,9/16/2024,,,":C\:\\Users\\Nam Le/ARCADIS/Project Tiger (2024) - General/06. Documents Provided/Stage 1 Assets/Title Plans/Other sites not in our scope/Title Plans/Title Plans/Hawley Road, Hinckley/Official Copy (Title Plan) LT167319.pdf:PDF"
Plan,LE01,Official Copy (Title Plan) LT176621,HM Land Registry,,2024,\#mar\#,,"Hawley Road, Hinckley",Legal,General,Legal,Legal,Y,Other sites not in our scope,9/16/2024,,,":C\:\\Users\\Nam Le/ARCADIS/Project Tiger (2024) - General/06. Documents Provided/Stage 1 Assets/Title Plans/Other sites not in our scope/Title Plans/Title Plans/Hawley Road, Hinckley/Official Copy (Title Plan) LT176621.pdf:PDF"
Plan,LE01,Official Copy (Title Plan) LT178422,HM Land Registry,,2024,\#mar\#,,"Hawley Road, Hinckley",Legal,General,Legal,Legal,Y,Other sites not in our scope,9/16/2024,,,":C\:\\Users\\Nam Le/ARCADIS/Project Tiger (2024) - General/06. Documents Provided/Stage 1 Assets/Title Plans/Other sites not in our scope/Title Plans/Title Plans/Hawley Road, Hinckley/Official Copy (Title Plan) LT178422.pdf:PDF"
Plan,LE01,Official Copy (Title Plan) LT282967,HM Land Registry,,2024,\#mar\#,,"Hawley Road, Hinckley",Legal,General,Legal,Legal,Y,Other sites not in our scope,9/16/2024,,,":C\:\\Users\\Nam Le/ARCADIS/Project Tiger (2024) - General/06. Documents Provided/Stage 1 Assets/Title Plans/Other sites not in our scope/Title Plans/Title Plans/Hawley Road, Hinckley/Official Copy (Title Plan) LT282967.pdf:PDF"
Plan,LE01,Official Copy (Title Plan) LT350476,HM Land Registry,,2024,\#mar\#,,"Hawley Road, Hinckley",Legal,General,Legal,Legal,Y,Other sites not in our scope,9/16/2024,,,":C\:\\Users\\Nam Le/ARCADIS/Project Tiger (2024) - General/06. Documents Provided/Stage 1 Assets/Title Plans/Other sites not in our scope/Title Plans/Title Plans/Hawley Road, Hinckley/Official Copy (Title Plan) LT350476.pdf:PDF"
Plan,LE01,Official Copy (Title Plan) TT32005,HM Land Registry,,2024,\#mar\#,,"Hermitage Lane, Aylesford",Legal,General,Legal,Legal,Y,Other sites not in our scope,9/16/2024,,,":C\:\\Users\\Nam Le/ARCADIS/Project Tiger (2024) - General/06. Documents Provided/Stage 1 Assets/Title Plans/Other sites not in our scope/Title Plans/Title Plans/Hermitage Lane, Aylesford/Official Copy (Title Plan) TT32005.pdf:PDF"
Plan,LE01,Official Copy (Title Plan) K799752,HM Land Registry,,2024,\#mar\#,,"High Street, Canterbury",Legal,General,Legal,Legal,Y,Other sites not in our scope,9/16/2024,,,":C\:\\Users\\Nam Le/ARCADIS/Project Tiger (2024) - General/06. Documents Provided/Stage 1 Assets/Title Plans/Other sites not in our scope/Title Plans/Title Plans/High Street, Canterbury/Official Copy (Title Plan) K799752.pdf:PDF"
Plan,LE01,Official Copy (Title Register) CH325570,HM Land Registry,,2024,\#mar\#,,"High Street, Frodsham",Legal,General,Legal,Legal,Y,Other sites not in our scope,9/16/2024,,,":C\:\\Users\\Nam Le/ARCADIS/Project Tiger (2024) - General/06. Documents Provided/Stage 1 Assets/Title Plans/Other sites not in our scope/Title Plans/Title Plans/High Street, Frodsham/Official Copy (Title Register) CH325570.pdf:PDF"
Plan,LE01,Official Copy (Title Plan) CH269959,HM Land Registry,,2024,\#mar\#,,"High Street, Frodsham",Legal,General,Legal,Legal,Y,Other sites not in our scope,9/16/2024,,,":C\:\\Users\\Nam Le/ARCADIS/Project Tiger (2024) - General/06. Documents Provided/Stage 1 Assets/Title Plans/Other sites not in our scope/Title Plans/Title Plans/High Street, Frodsham/Official Copy (Title Plan) CH269959.pdf:PDF"
Plan,LE01,Official Copy (Title Plan) LT139854,HM Land Registry,,2024,\#mar\#,,"Market Street, Ashby de la Zouch",Legal,General,Legal,Legal,Y,Other sites not in our scope,9/16/2024,,,":C\:\\Users\\Nam Le/ARCADIS/Project Tiger (2024) - General/06. Documents Provided/Stage 1 Assets/Title Plans/Other sites not in our scope/Title Plans/Title Plans/Market Street, Ashby de la Zouch/Official Copy (Title Plan) LT139854.pdf:PDF"
Plan,LE01,Official Copy (Title Plan) ON60675,HM Land Registry,,2024,\#mar\#,,"OxAM House,Oxford",Legal,General,Legal,Legal,Y,Other sites not in our scope,9/16/2024,,,":C\:\\Users\\Nam Le/ARCADIS/Project Tiger (2024) - General/06. Documents Provided/Stage 1 Assets/Title Plans/Other sites not in our scope/Title Plans/Title Plans/OxAM House, Oxford/Official Copy (Title Plan) ON60675.pdf:PDF"
Plan,LE01,Official Copy (Title Plan) ON225981,HM Land Registry,,2024,\#mar\#,,"OxAM House,Oxford",Legal,General,Legal,Legal,Y,Other sites not in our scope,9/16/2024,,,":C\:\\Users\\Nam Le/ARCADIS/Project Tiger (2024) - General/06. Documents Provided/Stage 1 Assets/Title Plans/Other sites not in our scope/Title Plans/Title Plans/OxAM House, Oxford/Official Copy (Title Plan) ON225981.pdf:PDF"
Plan,LE01,Official Copy (Title Plan) ON16030,HM Land Registry,,2024,\#mar\#,,"OxAM House,Oxford",Legal,General,Legal,Legal,Y,Other sites not in our scope,9/16/2024,,,":C\:\\Users\\Nam Le/ARCADIS/Project Tiger (2024) - General/06. Documents Provided/Stage 1 Assets/Title Plans/Other sites not in our scope/Title Plans/Title Plans/OxAM House, Oxford/Official Copy (Title Plan) ON16030.pdf:PDF"
Plan,LE01,Official Copy (Title Register) LT48698,HM Land Registry,,2024,\#mar\#,,"Scudamore Road, Leicester",Legal,General,Legal,Legal,Y,Other sites not in our scope,9/16/2024,,,":C\:\\Users\\Nam Le/ARCADIS/Project Tiger (2024) - General/06. Documents Provided/Stage 1 Assets/Title Plans/Other sites not in our scope/Title Plans/Title Plans/Scudamore Road, Leicester/Official Copy (Title Register) LT48698.pdf:PDF"
Plan,LE01,Official Copy (Title Plan) MS433324,HM Land Registry,,2024,\#apr\#,,Southport Business Park,Legal,General,Legal,Legal,Y,Other sites not in our scope,9/16/2024,,,:C\:\\Users\\Nam Le/ARCADIS/Project Tiger (2024) - General/06. Documents Provided/Stage 1 Assets/Title Plans/Other sites not in our scope/Title Plans/Title Plans/Southport Business Park/Official Copy - Title Plan - MS433324.pdf:PDF
Plan,LE01,Official Copy (Title Plan) LT160997,HM Land Registry,,2024,\#mar\#,,Thurmaston Industrial Estate,Legal,General,Legal,Legal,Y,"Also inculded in Other sites not in our scope"" folder""",9/16/2024,,,:C\:\\Users\\Nam Le/ARCADIS/Project Tiger (2024) - General/06. Documents Provided/Stage 1 Assets/Title Plans/Other sites not in our scope/Title Plans/Title Plans/Thurmaston Industrial Estate/Official Copy (Title Plan) LT160997.pdf:PDF
Plan,LE01,Official Copy (Title Plan) LT150633,HM Land Registry,,2024,\#mar\#,,Abbey Sidings,Legal,General,Legal,Legal,Y,"Also inculded in Other sites not in our scope"" folder""",9/16/2024,,,:C\:\\Users\\Nam Le/ARCADIS/Project Tiger (2024) - General/06. Documents Provided/Stage 1 Assets/Title Plans/Abbey Sidings/Official Copy (Title Plan) LT150633.pdf:PDF
Plan,LE01,Official Copy (Title Plan) LT138299,HM Land Registry,,2024,\#mar\#,,Thurmaston Industrial Estate,Legal,General,Legal,Legal,Y,"Also inculded in Other sites not in our scope"" folder""",9/16/2024,,,:C\:\\Users\\Nam Le/ARCADIS/Project Tiger (2024) - General/06. Documents Provided/Stage 1 Assets/Title Plans/Other sites not in our scope/Title Plans/Title Plans/Thurmaston Industrial Estate/Official Copy (Title Plan) LT138299.pdf:PDF
Plan,LE01,Official Copy (Title Plan) LT449732,HM Land Registry,,2024,\#mar\#,,Thurmaston Shopping Centre,Legal,General,Legal,Legal,Y,"Also inculded in Other sites not in our scope"" folder""",9/16/2024,,,:C\:\\Users\\Nam Le/ARCADIS/Project Tiger (2024) - General/06. Documents Provided/Stage 1 Assets/Title Plans/Other sites not in our scope/Title Plans/Title Plans/Thurmaston Shopping Centre/Official Copy (Title Plan) LT449732.pdf:PDF
Plan,LE01,Official Copy (Title Plan) LT80727,HM Land Registry,,2024,\#mar\#,,"Trent Lane, Castle Donnington",Legal,General,Legal,Legal,Y,Other sites not in our scope,9/16/2024,,,":C\:\\Users\\Nam Le/ARCADIS/Project Tiger (2024) - General/06. Documents Provided/Stage 1 Assets/Title Plans/Other sites not in our scope/Title Plans/Title Plans/Trent Lane, Castle Donnington/Official Copy (Title Plan) LT80727.pdf:PDF"
Plan,LE01,Official Copy (Title Plan) LT229278,HM Land Registry,,2024,\#apr\#,,Troon Way,Legal,General,Legal,Legal,Y,"Also inculded in Other sites not in our scope"" folder""",9/16/2024,,,:C\:\\Users\\Nam Le/ARCADIS/Project Tiger (2024) - General/06. Documents Provided/Stage 1 Assets/Title Plans/Other sites not in our scope/Title Plans/Title Plans/Troon Lane Estate/Official Copy (Title Plan) - LT229278.pdf:PDF
Plan,LE01,Official Copy (Title Plan) LT29705,HM Land Registry,,2024,\#apr\#,,Troon Way,Legal,General,Legal,Legal,Y,"Also inculded in Other sites not in our scope"" folder""",9/16/2024,,,:C\:\\Users\\Nam Le/ARCADIS/Project Tiger (2024) - General/06. Documents Provided/Stage 1 Assets/Title Plans/Other sites not in our scope/Title Plans/Title Plans/Troon Lane Estate/Official Copy (Title Plan) - LT29705.pdf:PDF
Plan,LE01,Official Copy (Title Plan) LT119621,HM Land Registry,,2024,\#apr\#,,Troon Way,Legal,General,Legal,Legal,Y,"Also inculded in Other sites not in our scope"" folder""",9/16/2024,,,:C\:\\Users\\Nam Le/ARCADIS/Project Tiger (2024) - General/06. Documents Provided/Stage 1 Assets/Title Plans/Other sites not in our scope/Title Plans/Title Plans/Troon Lane Estate/Official Copy (Title Plan) - LT119621.pdf:PDF
Plan,LE01,Official Copy (Title Plan) LT126269,HM Land Registry,,2024,\#apr\#,,Troon Way,Legal,General,Legal,Legal,Y,"Also inculded in Other sites not in our scope"" folder""",9/16/2024,,,:C\:\\Users\\Nam Le/ARCADIS/Project Tiger (2024) - General/06. Documents Provided/Stage 1 Assets/Title Plans/Other sites not in our scope/Title Plans/Title Plans/Troon Lane Estate/Official Copy (Title Plan) - LT126269.pdf:PDF
Plan,LE01,Official Copy (Title Plan) LT203999,HM Land Registry,,2024,\#apr\#,,Troon Way,Legal,General,Legal,Legal,Y,"Also inculded in Other sites not in our scope"" folder""",9/16/2024,,,:C\:\\Users\\Nam Le/ARCADIS/Project Tiger (2024) - General/06. Documents Provided/Stage 1 Assets/Title Plans/Other sites not in our scope/Title Plans/Title Plans/Troon Lane Estate/Official Copy (Title Plan) - LT203999.pdf:PDF
Plan,LE01,Official Copy (Title Plan) LT94332,HM Land Registry,,2024,\#mar\#,,Wanlip Rd,Legal,General,Legal,Legal,Y,"Also inculded in Other sites not in our scope"" folder""",9/16/2024,,,:C\:\\Users\\Nam Le/ARCADIS/Project Tiger (2024) - General/06. Documents Provided/Stage 1 Assets/Title Plans/Wanlip Rd/Official Copy (Title Plan) LT94332.pdf:PDF
Plan,LE01,Official Copy (Title Plan) LT261834,HM Land Registry,,2024,\#mar\#,,Uxbridgeroad Estate,Legal,General,Legal,Legal,Y,Other sites not in our scope,9/17/2024,,,:C\:\\Users\\Nam Le/ARCADIS/Project Tiger (2024) - General/06. Documents Provided/Stage 1 Assets/Title Plans/Other sites not in our scope/Title Plans/Title Plans/Uxbridge Road Estate/Official Copy (Title Plan) LT261834.pdf:PDF
Plan,LE01,Official Copy (Title Plan) LT57698,HM Land Registry,,2024,\#mar\#,,Uxbridgeroad Estate,Legal,General,Legal,Legal,Y,Other sites not in our scope,9/17/2024,,,:C\:\\Users\\Nam Le/ARCADIS/Project Tiger (2024) - General/06. Documents Provided/Stage 1 Assets/Title Plans/Other sites not in our scope/Title Plans/Title Plans/Uxbridge Road Estate/Official Copy (Title Plan) LT57698.pdf:PDF
Plan,LE01,Official Copy (Title Plan) LT59703,HM Land Registry,,2024,\#mar\#,,Uxbridgeroad Estate,Legal,General,Legal,Legal,Y,Other sites not in our scope,9/17/2024,,,:C\:\\Users\\Nam Le/ARCADIS/Project Tiger (2024) - General/06. Documents Provided/Stage 1 Assets/Title Plans/Other sites not in our scope/Title Plans/Title Plans/Uxbridge Road Estate/Official Copy (Title Plan) LT59703.pdf:PDF
Plan,LE01,Official Copy (Title Plan) LT59704,HM Land Registry,,2024,\#mar\#,,Uxbridgeroad Estate,Legal,General,Legal,Legal,Y,Other sites not in our scope,9/17/2024,,,:C\:\\Users\\Nam Le/ARCADIS/Project Tiger (2024) - General/06. Documents Provided/Stage 1 Assets/Title Plans/Other sites not in our scope/Title Plans/Title Plans/Uxbridge Road Estate/Official Copy (Title Plan) LT59704.pdf:PDF
Plan,LE01,Official Copy (Title Plan) LT261728,HM Land Registry,,2024,\#mar\#,,Uxbridgeroad Estate,Legal,General,Legal,Legal,Y,Other sites not in our scope,9/17/2024,,,:C\:\\Users\\Nam Le/ARCADIS/Project Tiger (2024) - General/06. Documents Provided/Stage 1 Assets/Title Plans/Other sites not in our scope/Title Plans/Title Plans/Uxbridge Road Estate/Official Copy (Title Plan) LT261728.pdf:PDF
Plan,LE01,Official Copy (Title Plan) LT261729,HM Land Registry,,2024,\#mar\#,,Uxbridgeroad Estate,Legal,General,Legal,Legal,Y,Other sites not in our scope,9/17/2024,,,:C\:\\Users\\Nam Le/ARCADIS/Project Tiger (2024) - General/06. Documents Provided/Stage 1 Assets/Title Plans/Other sites not in our scope/Title Plans/Title Plans/Uxbridge Road Estate/Official Copy (Title Plan) LT261729.pdf:PDF
Plan,LE01,Official Copy (Title Plan) LT261765,HM Land Registry,,2024,\#mar\#,,Uxbridgeroad Estate,Legal,General,Legal,Legal,Y,Other sites not in our scope,9/17/2024,,,:C\:\\Users\\Nam Le/ARCADIS/Project Tiger (2024) - General/06. Documents Provided/Stage 1 Assets/Title Plans/Other sites not in our scope/Title Plans/Title Plans/Uxbridge Road Estate/Official Copy (Title Plan) LT261765.pdf:PDF
Plan,LE01,Official Copy (Title Plan) WR73357,HM Land Registry,,2024,\#mar\#,,"Waitrose London, Road, Worcester",Legal,General,Legal,Legal,Y,Other sites not in our scope,9/17/2024,,,":C\:\\Users\\Nam Le/ARCADIS/Project Tiger (2024) - General/06. Documents Provided/Stage 1 Assets/Title Plans/Other sites not in our scope/Title Plans/Title Plans/Waitrose, London Road, Worcester/Official Copy (Title Plan) WR73357.pdf:PDF"
Plan,LE01,Official Copy (Title Plan) WR78360,HM Land Registry,,2024,\#mar\#,,"Waitrose London, Road, Worcester",Legal,General,Legal,Legal,Y,Other sites not in our scope,9/17/2024,,,":C\:\\Users\\Nam Le/ARCADIS/Project Tiger (2024) - General/06. Documents Provided/Stage 1 Assets/Title Plans/Other sites not in our scope/Title Plans/Title Plans/Waitrose, London Road, Worcester/Official Copy (Title Plan) WR78360.pdf:PDF"
Plan,LE01,Official Copy (Title Plan) WR64105,HM Land Registry,,2024,\#mar\#,,"Waitrose London, Road, Worcester",Legal,General,Legal,Legal,Y,Other sites not in our scope,9/17/2024,,,":C\:\\Users\\Nam Le/ARCADIS/Project Tiger (2024) - General/06. Documents Provided/Stage 1 Assets/Title Plans/Other sites not in our scope/Title Plans/Title Plans/Waitrose, London Road, Worcester/Official Copy (Title Plan) WR64105.pdf:PDF"
Plan,LE01,Official Copy (Title Plan) WR71758,HM Land Registry,,2024,\#mar\#,,"Waitrose London, Road, Worcester",Legal,General,Legal,Legal,Y,Other sites not in our scope,9/17/2024,,,":C\:\\Users\\Nam Le/ARCADIS/Project Tiger (2024) - General/06. Documents Provided/Stage 1 Assets/Title Plans/Other sites not in our scope/Title Plans/Title Plans/Waitrose, London Road, Worcester/Official Copy (Title Plan) WR71758.pdf:PDF"
Plan,LE01,Official Copy (Title Plan) WT312237,HM Land Registry,,2024,\#mar\#,,"Waitrose, Mill Lane, Swindon",Legal,General,Legal,Legal,Y,Other sites not in our scope,9/17/2024,,,":C\:\\Users\\Nam Le/ARCADIS/Project Tiger (2024) - General/06. Documents Provided/Stage 1 Assets/Title Plans/Other sites not in our scope/Title Plans/Title Plans/Waitrose, Mill Lane, Swindon/Official Copy (Title Plan) WT312237.pdf:PDF"
Plan,LE01,Official Copy (Title Plan) LT227083,HM Land Registry,,2024,\#mar\#,,"Waterside Road, Leicester",Legal,General,Legal,Legal,Y,Other sites not in our scope,9/17/2024,,,":C\:\\Users\\Nam Le/ARCADIS/Project Tiger (2024) - General/06. Documents Provided/Stage 1 Assets/Title Plans/Other sites not in our scope/Title Plans/Title Plans/Waterside Road, Leicester/Official Copy (Title Plan) LT227083.pdf:PDF"
Plan,LE01,Official Copy (Title Plan) LT491484,HM Land Registry,,2024,\#mar\#,,The Woodlands,Legal,General,Legal,Legal,Y,Other sites not in our scope,9/17/2024,,,":C\:\\Users\\Nam Le/ARCADIS/Project Tiger (2024) - General/06. Documents Provided/Stage 1 Assets/Title Plans/Other sites not in our scope/Title Plans/Title Plans/Woodlands, Syston/Official Copy (Title Plan) LT491484.pdf:PDF"
Plan,LE01,Official Copy (Title Plan) LT165842,HM Land Registry,,2024,\#mar\#,,Abbey Sidings,Legal,General,Legal,Legal,Y,"Also inculded in Other sites not in our scope"" folder""",9/16/2024,,,:C\:\\Users\\Nam Le/ARCADIS/Project Tiger (2024) - General/06. Documents Provided/Stage 1 Assets/Title Plans/Abbey Sidings/Official Copy (Title Plan) LT165842.pdf:PDF
Plan,LE01,Official Copy (Title Plan) LT211763,HM Land Registry,,2024,\#mar\#,,Hilltop Industrial Estate,Legal,General,Legal,Legal,Y,"Also inculded in Other sites not in our scope"" folder""",9/16/2024,,,:C\:\\Users\\Nam Le/ARCADIS/Project Tiger (2024) - General/06. Documents Provided/Stage 1 Assets/Title Plans/Hilltop IE/Official Copy (Title Plan) LT211763.pdf:PDF
Plan,LE01,Official Copy (Title Plan) LT251576,HM Land Registry,,2024,\#apr\#,,Humberstone,Legal,General,Legal,Legal,Y,"Also inculded in Other sites not in our scope"" folder""",9/16/2024,,,:C\:\\Users\\Nam Le/ARCADIS/Project Tiger (2024) - General/06. Documents Provided/Stage 1 Assets/Title Plans/Humberstone/Official Copy (Title Plan) - LT251576.pdf:PDF
Plan,LE01,Official Copy (Title Plan) LT251577,HM Land Registry,,2024,\#apr\#,,Humberstone,Legal,General,Legal,Legal,Y,"Also inculded in Other sites not in our scope"" folder""",9/16/2024,,,:C\:\\Users\\Nam Le/ARCADIS/Project Tiger (2024) - General/06. Documents Provided/Stage 1 Assets/Title Plans/Humberstone/Official Copy (Title Plan) - LT251577.pdf:PDF
Plan,LE01,Official Copy (Title Plan) LT150837,HM Land Registry,,2024,\#apr\#,,Humberstone,Legal,General,Legal,Legal,Y,"Also inculded in Other sites not in our scope"" folder""",9/16/2024,,,:C\:\\Users\\Nam Le/ARCADIS/Project Tiger (2024) - General/06. Documents Provided/Stage 1 Assets/Title Plans/Humberstone/Official Copy (Title Plan) - LT150837.pdf:PDF
Plan,LE01,Official Copy (Title Plan) LT518164,HM Land Registry,,2024,\#mar\#,,Mill Lane Industrial Estate,Legal,General,Legal,Legal,Y,"Also inculded in Other sites not in our scope"" folder""",9/16/2024,,,:C\:\\Users\\Nam Le/ARCADIS/Project Tiger (2024) - General/06. Documents Provided/Stage 1 Assets/Title Plans/Mil Lane/Official Copy (Title Plan) LT518164.pdf:PDF
Plan,LE01,Official Copy (Title Plan) LT103200,HM Land Registry,,2024,\#mar\#,,Mill Lane Industrial Estate,Legal,General,Legal,Legal,Y,"Also inculded in Other sites not in our scope"" folder""",9/16/2024,,,:C\:\\Users\\Nam Le/ARCADIS/Project Tiger (2024) - General/06. Documents Provided/Stage 1 Assets/Title Plans/Mil Lane/Official Copy (Title Plan) LT103200.pdf:PDF
Plan,LE01,Official Copy (Title Plan) LT236761,HM Land Registry,,2024,\#mar\#,,Mill Lane Industrial Estate,Legal,General,Legal,Legal,Y,"Also inculded in Other sites not in our scope"" folder""",9/16/2024,,,:C\:\\Users\\Nam Le/ARCADIS/Project Tiger (2024) - General/06. Documents Provided/Stage 1 Assets/Title Plans/Mil Lane/Official Copy (Title Plan) LT236761.pdf:PDF
Plan,LE01,Official Copy (Title Plan) LT239213,HM Land Registry,,2024,\#mar\#,,Mill Lane Industrial Estate,Legal,General,Legal,Legal,Y,"Also inculded in Other sites not in our scope"" folder""",9/16/2024,,,:C\:\\Users\\Nam Le/ARCADIS/Project Tiger (2024) - General/06. Documents Provided/Stage 1 Assets/Title Plans/Mil Lane/Official Copy (Title Plan) LT239213.pdf:PDF
Plan,LE01,Official Copy (Title Plan) LT255204,HM Land Registry,,2024,\#mar\#,,Mill Lane Industrial Estate,Legal,General,Legal,Legal,Y,"Also inculded in Other sites not in our scope"" folder""",9/16/2024,,,:C\:\\Users\\Nam Le/ARCADIS/Project Tiger (2024) - General/06. Documents Provided/Stage 1 Assets/Title Plans/Mil Lane/Official Copy (Title Plan) LT255204.pdf:PDF
Plan,LE01,Official Copy (Title Plan) LT392319,HM Land Registry,,2024,\#mar\#,,Mill Lane Industrial Estate,Legal,General,Legal,Legal,Y,"Also inculded in Other sites not in our scope"" folder""",9/16/2024,,,:C\:\\Users\\Nam Le/ARCADIS/Project Tiger (2024) - General/06. Documents Provided/Stage 1 Assets/Title Plans/Mil Lane/Official Copy (Title Plan) LT392319.pdf:PDF
Plan,LE01,Official Copy (Title Plan) LT417035,HM Land Registry,,2024,\#mar\#,,Mill Lane Industrial Estate,Legal,General,Legal,Legal,Y,"Also inculded in Other sites not in our scope"" folder""",9/16/2024,,,:C\:\\Users\\Nam Le/ARCADIS/Project Tiger (2024) - General/06. Documents Provided/Stage 1 Assets/Title Plans/Mil Lane/Official Copy (Title Plan) LT417035.pdf:PDF
Plan,LE01,Official Copy (Title Plan) NT341682,HM Land Registry,,2024,\#mar\#,,Netherfield Nottingham,Legal,General,Legal,Legal,Y,"Also inculded in Other sites not in our scope"" folder""",9/16/2024,,,:C\:\\Users\\Nam Le/ARCADIS/Project Tiger (2024) - General/06. Documents Provided/Stage 1 Assets/Title Plans/Netherfield/Official Copy (Title Plan) NT341682.pdf:PDF
Plan,LE01,Official Copy (Title Plan) LT36993,HM Land Registry,,2024,\#apr\#,,New Star Road State,Legal,General,Legal,Legal,Y,"Also inculded in Other sites not in our scope"" folder""",9/16/2024,,,:C\:\\Users\\Nam Le/ARCADIS/Project Tiger (2024) - General/06. Documents Provided/Stage 1 Assets/Title Plans/New Star/Official Copy (Title Plan) - LT36993.pdf:PDF
Plan,LE01,Official Copy (Title Plan) LT36813,HM Land Registry,,2024,\#mar\#,,New Star Road State,Legal,General,Legal,Legal,Y,"Also inculded in Other sites not in our scope"" folder""",9/16/2024,,,:C\:\\Users\\Nam Le/ARCADIS/Project Tiger (2024) - General/06. Documents Provided/Stage 1 Assets/Title Plans/New Star/Official Copy (Title Plan) LT36813.pdf:PDF
Plan,LE01,Official Copy (Title Plan) LT56958,HM Land Registry,,2024,\#mar\#,,New Star Road State,Legal,General,Legal,Legal,Y,"Also inculded in Other sites not in our scope"" folder""",9/16/2024,,,:C\:\\Users\\Nam Le/ARCADIS/Project Tiger (2024) - General/06. Documents Provided/Stage 1 Assets/Title Plans/New Star/Official Copy (Title Plan) LT56958.pdf:PDF
Plan,LE01,Official Copy (Title Plan) LT92741,HM Land Registry,,2024,\#mar\#,,New Star Road State,Legal,General,Legal,Legal,Y,"Also inculded in Other sites not in our scope"" folder""",9/16/2024,,,:C\:\\Users\\Nam Le/ARCADIS/Project Tiger (2024) - General/06. Documents Provided/Stage 1 Assets/Title Plans/New Star/Official Copy (Title Plan) LT92741.pdf:PDF
Plan,LE01,Official Copy (Title Plan) LT16144,HM Land Registry,,2024,\#mar\#,,Aylestone Road,Legal,General,Legal,Legal,Y,Other sites not in our scope,9/16/2024,,,:C\:\\Users\\Nam Le/ARCADIS/Project Tiger (2024) - General/06. Documents Provided/Stage 1 Assets/Title Plans/Other sites not in our scope/Title Plans/Title Plans/Aylestone Road/Official Copy (Title Plan) LT16144.pdf:PDF
Plan,LE01,Official Copy (Title Plan) LT454036,HM Land Registry,,2024,\#mar\#,,"Beveridge Lane, Bardon Hill",Legal,General,Legal,Legal,Y,Other sites not in our scope,9/16/2024,,,":C\:\\Users\\Nam Le/ARCADIS/Project Tiger (2024) - General/06. Documents Provided/Stage 1 Assets/Title Plans/Other sites not in our scope/Title Plans/Title Plans/Beveridge Lane, Bardon Hill/Official Copy (Title Plan) LT454036.pdf:PDF"
Plan,LE01,Official Copy (Title Plan) LT167066,HM Land Registry,,2024,\#mar\#,,"Beveridge Lane, Bardon Hill",Legal,General,Legal,Legal,Y,Other sites not in our scope,9/16/2024,,,":C\:\\Users\\Nam Le/ARCADIS/Project Tiger (2024) - General/06. Documents Provided/Stage 1 Assets/Title Plans/Other sites not in our scope/Title Plans/Title Plans/Beveridge Lane, Bardon Hill/Official Copy (Title Plan) LT167066.pdf:PDF"
Plan,LE01,Official Copy (Title Plan) LT168566,HM Land Registry,,2024,\#mar\#,,"Beveridge Lane, Bardon Hill",Legal,General,Legal,Legal,Y,Other sites not in our scope,9/16/2024,,,":C\:\\Users\\Nam Le/ARCADIS/Project Tiger (2024) - General/06. Documents Provided/Stage 1 Assets/Title Plans/Other sites not in our scope/Title Plans/Title Plans/Beveridge Lane, Bardon Hill/Official Copy (Title Plan) LT168566.pdf:PDF"
Plan,LE01,Official Copy (Title Plan) SF298318,HM Land Registry,,2024,\#mar\#,,Biddulph Moor,Legal,General,Legal,Legal,Y,Other sites not in our scope,9/16/2024,,,:C\:\\Users\\Nam Le/ARCADIS/Project Tiger (2024) - General/06. Documents Provided/Stage 1 Assets/Title Plans/Other sites not in our scope/Title Plans/Title Plans/Biddulph Moor/Official Copy (Title Plan) SF298318.pdf:PDF
Plan,LE01,Official Copy (Title Plan) CU124803,HM Land Registry,,2024,\#may\#,,Blencathra House,Legal,General,Legal,Legal,Y,Other sites not in our scope,9/16/2024,,,:C\:\\Users\\Nam Le/ARCADIS/Project Tiger (2024) - General/06. Documents Provided/Stage 1 Assets/Title Plans/Other sites not in our scope/Title Plans/Title Plans/Blencathra House/Official Copy (Title Plan) - CU124803.pdf:PDF
Plan,LE01,Official Copy (Title Plan) CU193573,HM Land Registry,,2024,\#apr\#,,Blencathra House,Legal,General,Legal,Legal,Y,Other sites not in our scope,9/16/2024,,,:C\:\\Users\\Nam Le/ARCADIS/Project Tiger (2024) - General/06. Documents Provided/Stage 1 Assets/Title Plans/Other sites not in our scope/Title Plans/Title Plans/Blencathra House/Official Copy (Title Plan) - CU193573.pdf:PDF
Riskregister,CE11,Legionella Risk Assessment,Tetra Consulting Limited,,2023,\#aug\#,,Clarence House,Environment,Operation,Environmental,Best Practice,Y,,9/16/2024,,,:C\:\\Users\\Nam Le/ARCADIS/Project Tiger (2024) - General/06. Documents Provided/Stage 2 Assets/3x London Assets/Clarence House/inspection documents including landlords FRA/LRA-L-373033-080823 4 Matthew Parker Street.pdf:PDF
TechReport,ESG08,Victoria Park Flood Risk Assessment Report,SLR Consulting Limited,,2020,,,Netherfield Nottingham,Environment,Design,Environmental,Best Practice,N,,9/13/2024,,,:C\:\\Users\\Nam Le/ARCADIS/Project Tiger (2024) - General/06. Documents Provided/Stage 1 Assets/Netherfield Nottingham - Findel Education/Audit C/C4 Risk Assessments/Victoria Park Flood Risk Assessment.pdf:PDF
Po,CE05,Passenger Lift,Schindler Ltd,,2023,December,,Netherfield Nottingham,General,Construction,Operational,Best Practice,Y,No exact title,9/16/2024,,,:C\:\\Users\\Nam Le/ARCADIS/Project Tiger (2024) - General/06. Documents Provided/Stage 1 Assets/Netherfield Nottingham - Findel Education/Audit D/D5_eTimesheet 1485413 1100-0000005012460-01.pdf:PDF
Brochure,NA,Tenancy Schedule of Assets,NA,,NA,,,Beveridge Lane,General,General,Other,Other,N,8 Assets in one file,9/16/2024,,,:C\:\\Users\\Nam Le/ARCADIS/Project Tiger (2024) - General/06. Documents Provided/Stage 2 Assets/Project Tiger - Information Memorandum (Extra 8 x assets).pdf:PDF
Brochure,NA,Tenancy Schedule of Assets,NA,,NA,,,Uxbridgeroad Estate,General,General,Other,Other,N,8 Assets in one file,9/16/2024,,,:C\:\\Users\\Nam Le/ARCADIS/Project Tiger (2024) - General/06. Documents Provided/Stage 2 Assets/Project Tiger - Information Memorandum (Extra 8 x assets).pdf:PDF
Brochure,NA,Tenancy Schedule of Assets,NA,,NA,,,Flatten Way,General,General,Other,Other,N,8 Assets in one file,9/16/2024,,,:C\:\\Users\\Nam Le/ARCADIS/Project Tiger (2024) - General/06. Documents Provided/Stage 2 Assets/Project Tiger - Information Memorandum (Extra 8 x assets).pdf:PDF
Brochure,NA,Tenancy Schedule of Assets,NA,,NA,,,The Woodlands,General,General,Other,Other,N,8 Assets in one file,9/16/2024,,,:C\:\\Users\\Nam Le/ARCADIS/Project Tiger (2024) - General/06. Documents Provided/Stage 2 Assets/Project Tiger - Information Memorandum (Extra 8 x assets).pdf:PDF
Brochure,NA,Tenancy Schedule of Assets,NA,,NA,,,Matthew Parker Street,General,General,Other,Other,N,8 Assets in one file,9/16/2024,,,:C\:\\Users\\Nam Le/ARCADIS/Project Tiger (2024) - General/06. Documents Provided/Stage 2 Assets/Project Tiger - Information Memorandum (Extra 8 x assets).pdf:PDF
Brochure,NA,Tenancy Schedule of Assets,NA,,NA,,,Jermyn Street and Savoy Baths,General,General,Other,Other,N,8 Assets in one file,9/16/2024,,,:C\:\\Users\\Nam Le/ARCADIS/Project Tiger (2024) - General/06. Documents Provided/Stage 2 Assets/Project Tiger - Information Memorandum (Extra 8 x assets).pdf:PDF
Brochure,NA,Tenancy Schedule of Assets,NA,,NA,,,Curzon Street,General,General,Other,Other,N,8 Assets in one file,9/16/2024,,,:C\:\\Users\\Nam Le/ARCADIS/Project Tiger (2024) - General/06. Documents Provided/Stage 2 Assets/Project Tiger - Information Memorandum (Extra 8 x assets).pdf:PDF
Brochure,NA,Tenancy Schedule of Assets,NA,,NA,,,"OxAM House,Oxford",General,General,Other,Other,N,8 Assets in one file,9/16/2024,,,:C\:\\Users\\Nam Le/ARCADIS/Project Tiger (2024) - General/06. Documents Provided/Stage 2 Assets/Project Tiger - Information Memorandum (Extra 8 x assets).pdf:PDF
Certificate,NA,Final Certificate of Division of 3rd Floor of 2 Offices,Butler \& Young Approved Inspectors Limited,,2018,\#aug\#,NA,4 Matthew Parker Street,Civil,General,Optional,Optional,N,No clear title the document title has been created,9/13/2024,,,:C\:\\Users\\Nam Le/ARCADIS/Project Tiger (2024) - General/06. Documents Provided/Stage 2 Assets/3x London Assets/Clarence House/Building Certificate  124388 Final Certifcate.pdf:PDF
Contract,LE03,Appointment Contract of Mechanical and Electrical Services Engineer,Aviva Life \& Pensions UK Limited,,2016,\#feb\#,NA,4 Matthew Parker Street,Legal,Pre-Construction,Legal,Legal,Y,,9/13/2024,,,:C\:\\Users\\Nam Le/ARCADIS/Project Tiger (2024) - General/06. Documents Provided/Stage 2 Assets/3x London Assets/Clarence House/Watkins Payne Appointment (M&E) - 25.02.2016.pdf:PDF
Plan,LE01,Official Copy Plan SGL563726,HM Land Registry,,2024,\#apr\#,,Biggin Hill,Legal,General,Legal,Legal,Y,"Also inculded in Other sites not in our scope"" folder""",9/16/2024,,,:C\:\\Users\\Nam Le/ARCADIS/Project Tiger (2024) - General/06. Documents Provided/Stage 1 Assets/Title Plans/Biggin Hill/Official Copy (Plan) - SGL563726.pdf:PDF
Survey,ESG11,Project Specific Refurbishment Asbestos Survey,RPS Consultants,,2015,\#nov\#,,Clarence House,Environment,Operation,Environmental,Legal,Y,,9/16/2024,,,:C\:\\Users\\Nam Le/ARCADIS/Project Tiger (2024) - General/06. Documents Provided/Stage 2 Assets/3x London Assets/Clarence House/inspection documents including landlords FRA/4 Matthew Parker Street Asbestos Survey offices Novemeber 2015.pdf:PDF
Po,OM05,Findel Minor Pump Service,Pure Power Ltd,,2024,January,,Netherfield Nottingham,Mechanical,Operation,Operational,Best Practice,N,,9/16/2024,,,:C\:\\Users\\Nam Le/ARCADIS/Project Tiger (2024) - General/06. Documents Provided/Stage 1 Assets/Netherfield Nottingham - Findel Education/Audit D/D13_Findel minor pump service 29-01-24.pdf:PDF
TechReport,OM08,Access Audit Checklist,NA,,2024,,,Netherfield Nottingham,Civil,Construction,Operational,Best Practice,N,,9/13/2024,,,:C\:\\Users\\Nam Le/ARCADIS/Project Tiger (2024) - General/06. Documents Provided/Stage 1 Assets/Netherfield Nottingham - Findel Education/Audit C/C5_Access Audit Checklist.pdf:PDF
Contract,CO02,PCC Mutual NDA UK Template,SPS Technologies Ltd,,2024,\#apr\#,,NA,Legal,General,Construction Contract Warranty,Legal,Y,,9/17/2024,,,:C\:\\Users\\Nam Le/ARCADIS/Project Tiger (2024) - General/06. Documents Provided/Stage 1 Assets/PCC Mutual NDA UK template Nov 2019 V1.1 Arcadis.pdf:PDF
Misc,NA,PPM Schedule,NA,,NA,,,Netherfield Nottingham,General,Construction,Operational,Best Practice,N,,9/13/2024,,,:C\:\\Users\\Nam Le/ARCADIS/Project Tiger (2024) - General/06. Documents Provided/Stage 1 Assets/Netherfield Nottingham - Findel Education/Audit C/C2_PPM Schedule.xlsx:Excel 2007+
Misc,NA,Client Supplied RFI Response,NA,,NA,,,Netherfield Nottingham,General,General,Other,Best Practice,N,,9/16/2024,,,:C\:\\Users\\Nam Le/ARCADIS/Project Tiger (2024) - General/06. Documents Provided/Stage 1 Assets/Netherfield Nottingham - Findel Education/Client supplied RFI response.png:PNG image
Plan,LE01,Title Plan - LT151308,HM Land Registry,,NA,NA,,Hilltop Industrial Estate,Legal,General,Legal,Legal,Y,"Also inculded in Other sites not in our scope"" folder""",9/16/2024,,,:C\:\\Users\\Nam Le/ARCADIS/Project Tiger (2024) - General/06. Documents Provided/Stage 1 Assets/Title Plans/Hilltop IE/Title Plan - LT151308.pdf:PDF
Certificate,NA,Draft Certificate of Title,NA,,NA,NA,NA,Beveridge Lane,General,General,Other,Other,N,Draft document,9/16/2024,,,:C\:\\Users\\Nam Le/ARCADIS/Project Tiger (2024) - General/06. Documents Provided/Stage 2 Assets/Title Plans (at rear of document)/DRAFT - Certificate of Title  - Beveridge Lane - 31.05.2024.pdf:PDF
Certificate,NA,Draft Certificate of Title,NA,,NA,NA,NA,Clarence House,General,General,Other,Other,N,Draft document,9/16/2024,,,:C\:\\Users\\Nam Le/ARCADIS/Project Tiger (2024) - General/06. Documents Provided/Stage 2 Assets/Title Plans (at rear of document)/DRAFT - Certificate of Title  - Clarence House_ Matthew Parker Street_ London - 31.05.2024.pdf:PDF
TechReport,CE06,Gas Safe Certificate,Regin,,2024,,,Netherfield Nottingham,Mechanical,Construction,Operational,Best Practice,Y,,9/16/2024,,,:C\:\\Users\\Nam Le/ARCADIS/Project Tiger (2024) - General/06. Documents Provided/Stage 1 Assets/Netherfield Nottingham - Findel Education/Audit D/D6_Gas Safe Certificate.pdf:PDF
Plan,LE01,Official Copy (Title Plan) NT334110,HM Land Registry,,2024,\#jan\#,,Netherfield Nottingham,Legal,General,Legal,Legal,Y,"Also inculded in Other sites not in our scope"" folder""",9/16/2024,,,:C\:\\Users\\Nam Le/ARCADIS/Project Tiger (2024) - General/06. Documents Provided/Stage 1 Assets/Title Plans/Netherfield/Official copy title plan NT334110(693161317.1).pdf:PDF
Plan,LE01,Title Plan - LT101504,HM Land Registry,,2024,\#apr\#,,New Star Road State,Legal,General,Legal,Legal,Y,"Also inculded in Other sites not in our scope"" folder""",9/16/2024,,,:C\:\\Users\\Nam Le/ARCADIS/Project Tiger (2024) - General/06. Documents Provided/Stage 1 Assets/Title Plans/New Star/Title Plan LT101504.pdf:PDF
Lease,LE03,Tenancy Schedule,NA,,2024,NA,,Thurmaston Industrial Estate,Legal,General,Legal,Legal,Y,,9/17/2024,,,:C\:\\Users\\Nam Le/ARCADIS/Project Tiger (2024) - General/06. Documents Provided/Stage 1 Assets/Tenancy Schedule - of properties to be visited (002).xlsx:Excel 2007+
Lease,LE03,Tenancy Schedule,NA,,2024,NA,,Abbey Sidings,Legal,General,Legal,Legal,Y,,9/17/2024,,,:C\:\\Users\\Nam Le/ARCADIS/Project Tiger (2024) - General/06. Documents Provided/Stage 1 Assets/Tenancy Schedule - of properties to be visited (002).xlsx:Excel 2007+
Lease,LE03,Tenancy Schedule,NA,,2024,NA,,Thurmaston Shopping Centre,Legal,General,Legal,Legal,Y,,9/17/2024,,,:C\:\\Users\\Nam Le/ARCADIS/Project Tiger (2024) - General/06. Documents Provided/Stage 1 Assets/Tenancy Schedule - of properties to be visited (002).xlsx:Excel 2007+
Lease,LE03,Tenancy Schedule,NA,,2024,NA,,Biggin Hill,Legal,General,Legal,Legal,Y,,9/17/2024,,,:C\:\\Users\\Nam Le/ARCADIS/Project Tiger (2024) - General/06. Documents Provided/Stage 1 Assets/Tenancy Schedule - of properties to be visited (002).xlsx:Excel 2007+
Lease,LE03,Tenancy Schedule,NA,,2024,NA,,Mill Lane Industrial Estate,Legal,General,Legal,Legal,Y,,9/17/2024,,,:C\:\\Users\\Nam Le/ARCADIS/Project Tiger (2024) - General/06. Documents Provided/Stage 1 Assets/Tenancy Schedule - of properties to be visited (002).xlsx:Excel 2007+
Lease,LE03,Tenancy Schedule,NA,,2024,NA,,Netherfield Nottingham,Legal,General,Legal,Legal,Y,,9/17/2024,,,:C\:\\Users\\Nam Le/ARCADIS/Project Tiger (2024) - General/06. Documents Provided/Stage 1 Assets/Tenancy Schedule - of properties to be visited (002).xlsx:Excel 2007+
Lease,LE03,Tenancy Schedule,NA,,2024,NA,,New Star Road State,Legal,General,Legal,Legal,Y,,9/17/2024,,,:C\:\\Users\\Nam Le/ARCADIS/Project Tiger (2024) - General/06. Documents Provided/Stage 1 Assets/Tenancy Schedule - of properties to be visited (002).xlsx:Excel 2007+
Lease,LE03,Tenancy Schedule,NA,,2024,NA,,Troon Way,Legal,General,Legal,Legal,Y,,9/17/2024,,,:C\:\\Users\\Nam Le/ARCADIS/Project Tiger (2024) - General/06. Documents Provided/Stage 1 Assets/Tenancy Schedule - of properties to be visited (002).xlsx:Excel 2007+
Lease,LE03,Tenancy Schedule,NA,,2024,NA,,Wanlip Rd,Legal,General,Legal,Legal,Y,,9/17/2024,,,:C\:\\Users\\Nam Le/ARCADIS/Project Tiger (2024) - General/06. Documents Provided/Stage 1 Assets/Tenancy Schedule - of properties to be visited (002).xlsx:Excel 2007+
Lease,LE03,Tenancy Schedule,NA,,2024,NA,,Hilltop Industrial Estate,Legal,General,Legal,Legal,Y,,9/17/2024,,,:C\:\\Users\\Nam Le/ARCADIS/Project Tiger (2024) - General/06. Documents Provided/Stage 1 Assets/Tenancy Schedule - of properties to be visited (002).xlsx:Excel 2007+
Lease,LE03,Tenancy Schedule,NA,,2024,NA,,Humberstone,Legal,General,Legal,Legal,Y,,9/17/2024,,,:C\:\\Users\\Nam Le/ARCADIS/Project Tiger (2024) - General/06. Documents Provided/Stage 1 Assets/Tenancy Schedule - of properties to be visited (002).xlsx:Excel 2007+
TechReport,CE05,Lift Report of Clarence House,Allianz,,2024,\#mar\#,,Clarence House,General,Operation,Operational,Best Practice,Y,,9/16/2024,,,:C\:\\Users\\Nam Le/ARCADIS/Project Tiger (2024) - General/06. Documents Provided/Stage 2 Assets/3x London Assets/Clarence House/inspection documents including landlords FRA/4 Matthew Parker St - 15.3.24 - LOLER (2).pdf:PDF
TechReport,CE03,Fire Alarm Service of Clarence House,RELTECH SOLUTIONS,,2024,\#jan\#,,Clarence House,FDAS,Operation,Operational,Best Practice,Y,,9/16/2024,,,:C\:\\Users\\Nam Le/ARCADIS/Project Tiger (2024) - General/06. Documents Provided/Stage 2 Assets/3x London Assets/Clarence House/inspection documents including landlords FRA/11.1.24 - 4 MPS - Fire Alarm Service.pdf:PDF
Certificate,CE11,Certificate of Microbiology Analysis,Latis Scientific,,2024,\#jan\#,NA,Clarence House,Environment,Operation,Operational,Best Practice,Y,,9/16/2024,,,:C\:\\Users\\Nam Le/ARCADIS/Project Tiger (2024) - General/06. Documents Provided/Stage 2 Assets/3x London Assets/Clarence House/inspection documents including landlords FRA/16.1.24 - 4 MPS - Microbiology Cert of Analysis TVC.PDF:PDF
Riskregister,OM02,"Health,Safety \& Fire Risk Assessment",Tetra Consulting Limited,,2024,\#dec\#,,Clarence House,FDAS,Operation,Operational,Legal,Y,,9/16/2024,,,:C\:\\Users\\Nam Le/ARCADIS/Project Tiger (2024) - General/06. Documents Provided/Stage 2 Assets/3x London Assets/Clarence House/inspection documents including landlords FRA/Hsfra1-L-395297-191223 4 Matthew Parker Street.pdf:PDF
Certificate,CE10,FGas Certification,Grange Technical Services (Nottingham) Limited,,2023,,4-Jul-26,Netherfield Nottingham,Mechanical,Operation,Operational,Best Practice,Y,,9/16/2024,,,:C\:\\Users\\Nam Le/ARCADIS/Project Tiger (2024) - General/06. Documents Provided/Stage 1 Assets/Netherfield Nottingham - Findel Education/Audit D/D10_FGas Records.pdf:PDF
TechReport,CE11,Legionella,Sterilizing Service Ltd,,2023,,,Netherfield Nottingham,HSE,Operation,Operational,Best Practice,Y,,9/16/2024,,,":C\:\\Users\\Nam Le/ARCADIS/Project Tiger (2024) - General/06. Documents Provided/Stage 1 Assets/Netherfield Nottingham - Findel Education/Audit D/D11_Findel Education, Leg, 05.07.23.pdf:PDF"
Certificate,CE13,Clearance Certificate,Fireproof Fire Engineering Ltd,,2023,\#may\#,,Netherfield Nottingham,FDAS,Operation,Operational,Best Practice,Y,,9/16/2024,,,:C\:\\Users\\Nam Le/ARCADIS/Project Tiger (2024) - General/06. Documents Provided/Stage 1 Assets/Netherfield Nottingham - Findel Education/Audit D/D13_Findel Annual sprinkler system maintenance 24-05-23.pdf:PDF
Certificate,OM05,Findel Major Pump Service,Fireproof Fire Engineering Ltd,,2023,\#may\#,,Netherfield Nottingham,Mechanical,Construction,Operational,Best Practice,N,,9/16/2024,,,:C\:\\Users\\Nam Le/ARCADIS/Project Tiger (2024) - General/06. Documents Provided/Stage 1 Assets/Netherfield Nottingham - Findel Education/Audit D/D13_Findel Major pump service 31-05-23.pdf:PDF
Brochure,NA,Marketing Advertisement(Clarence House),Prime London Portfolio,,2023,,,Clarence House,General,General,Other,Other,N,No clear title the document title has been created,9/13/2024,,,:C\:\\Users\\Nam Le/ARCADIS/Project Tiger (2024) - General/06. Documents Provided/Stage 2 Assets/3x London Assets/Project Tiger - Information Memorandum (PL).pdf:PDF
TechReport,CE19,Pressure Test of Clarence House,Allianz,,2023,\#nov\#,,Clarence House,Mechanical,Maintenance,Operational,Best Practice,Y,,9/16/2024,,,:C\:\\Users\\Nam Le/ARCADIS/Project Tiger (2024) - General/06. Documents Provided/Stage 2 Assets/3x London Assets/Clarence House/inspection documents including landlords FRA/4 MPS - Pressure test.pdf:PDF
TechReport,EN02,Gas Safety Report,Edmund Services Limited,,2023,\#aug\#,,Clarence House,Energy,Operation,Environmental,Optional,N,,9/16/2024,,,:C\:\\Users\\Nam Le/ARCADIS/Project Tiger (2024) - General/06. Documents Provided/Stage 2 Assets/3x London Assets/Clarence House/inspection documents including landlords FRA/24.8.24 - 4 MPS - Gas Safe Certificate.jpg:JPG image
Certificate,CE04,Certificate of Periodic Inspection of Emergency Lighting,Edmund Services Limited,,2023,\#aug\#,NA,Clarence House,Electrical,Operation,Operational,Best Practice,Y,,9/16/2024,,,:C\:\\Users\\Nam Le/ARCADIS/Project Tiger (2024) - General/06. Documents Provided/Stage 2 Assets/3x London Assets/Clarence House/inspection documents including landlords FRA/Emergency Lighting Certificate 4MPS 2023.pdf:PDF
TechReport,CE04,Lightning Protection Test and Inspection,Premier Technical Services Group,,2023,\#sep\#,,Clarence House,Electrical,Operation,Operational,Best Practice,Y,,9/16/2024,,,:C\:\\Users\\Nam Le/ARCADIS/Project Tiger (2024) - General/06. Documents Provided/Stage 2 Assets/3x London Assets/Clarence House/inspection documents including landlords FRA/PTSG LIGHTNING PROTECTION REPORT pdf-Periodicals - 10667-2 (658641).pdf:PDF
Brochure,NA,Marketing Advertisement(Curzon Street),Prime London Portfolio,,2023,,,Curzon Street,General,General,Other,Other,N,No clear title the document title has been created,9/13/2024,,,:C\:\\Users\\Nam Le/ARCADIS/Project Tiger (2024) - General/06. Documents Provided/Stage 2 Assets/3x London Assets/Project Tiger - Information Memorandum (PL).pdf:PDF
Contract,LE03,4 Matthew Parker Street Building Contract,Aviva Life \& Pensions UK Limited,,2019,\#mar\#,"Aug 3,2018",4 Matthew Parker Street,Legal,Pre-Construction,Legal,Legal,Y,No clear title the document title has been created,9/13/2024,,,:C\:\\Users\\Nam Le/ARCADIS/Project Tiger (2024) - General/06. Documents Provided/Stage 2 Assets/3x London Assets/Clarence House/Building Contract - 08.03.2019.pdf:PDF
Contract,LE03,Appointment Contract of Lead Consultant,Aviva Life \& Pensions UK Limited,,2019,\#mar\#,NA,4 Matthew Parker Street,Legal,Pre-Construction,Legal,Legal,Y,,9/13/2024,,,:C\:\\Users\\Nam Le/ARCADIS/Project Tiger (2024) - General/06. Documents Provided/Stage 2 Assets/3x London Assets/Clarence House/CBRE Appointment of Lead Consultant - 08.03.2019.pdf:PDF
Contract,LE03,Appointment Contract of Principal Designer,Aviva Life \& Pensions UK Limited,,2019,\#mar\#,NA,4 Matthew Parker Street,Legal,Pre-Construction,Legal,Legal,Y,,9/13/2024,,,:C\:\\Users\\Nam Le/ARCADIS/Project Tiger (2024) - General/06. Documents Provided/Stage 2 Assets/3x London Assets/Clarence House/CBRE Appointment of Principal Designer - 08.03.2019.pdf:PDF
Audit,CE05,Access Audit of 4 Matthew Parker Street,Tetra Consulting Limited,,2019,\#oct\#,,Clarence House,Environment,General,Operational,Best Practice,Y,,9/16/2024,,,:C\:\\Users\\Nam Le/ARCADIS/Project Tiger (2024) - General/06. Documents Provided/Stage 2 Assets/3x London Assets/Clarence House/inspection documents including landlords FRA/4 Matthew Parker Street DDA July 2019.pdf:PDF
Contract,LE03,4 Matthew Parker Street Building Contract,Aviva Life \& Pensions UK Limited,,2018,\#feb\#,"September 14,2018",4 Matthew Parker Street,Legal,Pre-Construction,Legal,Legal,Y,,9/13/2024,,,:C\:\\Users\\Nam Le/ARCADIS/Project Tiger (2024) - General/06. Documents Provided/Stage 2 Assets/3x London Assets/Clarence House/Building contract dated 15 February 2018.pdf:PDF
Misc,CE14,Emergency Lighting,Syam,,2016,,,Netherfield Nottingham,Electrical,Construction,Operational,Best Practice,Y,,9/16/2024,,,:C\:\\Users\\Nam Le/ARCADIS/Project Tiger (2024) - General/06. Documents Provided/Stage 1 Assets/Netherfield Nottingham - Findel Education/Audit D/D15_Emergency Lighting.pdf:PDF
Certificate,NA,Certificate of Sectional Completion,CBRE Limited,,2016,\#jan\#,8/5/2017,4 Matthew Parker Street,Architectural,Maintenance,Other,Other,N,,9/13/2024,,,:C\:\\Users\\Nam Le/ARCADIS/Project Tiger (2024) - General/06. Documents Provided/Stage 2 Assets/3x London Assets/Clarence House/09.05.2016 - Certificate of Sectional Completion.pdf:PDF
Contract,LE03,Intermediate Building Contract With Contractor's Design,Aviva Life \& Pensions UK Limited,,2016,\#mar\#,"May 20,2016",4 Matthew Parker Street,Legal,Pre-Construction,Legal,Legal,Y,,9/13/2024,,,:C\:\\Users\\Nam Le/ARCADIS/Project Tiger (2024) - General/06. Documents Provided/Stage 2 Assets/3x London Assets/Clarence House/30.03.2016 - Building Contract.pdf:PDF
Certificate,NA,Certificate of Practical Completion,CBRE Limited,,2016,\#jan\#,"September 27,2017",4 Matthew Parker Street,General,Maintenance,Other,Other,N,,9/13/2024,,,:C\:\\Users\\Nam Le/ARCADIS/Project Tiger (2024) - General/06. Documents Provided/Stage 2 Assets/3x London Assets/Clarence House/Certificate of PC.pdf:PDF
Certificate,NA,Final Certificate,Butler \& Young Approved Inspectors Limited,,2016,\#jan\#,NA,4 Matthew Parker Street,General,Maintenance,Other,Other,N,,9/13/2024,,,:C\:\\Users\\Nam Le/ARCADIS/Project Tiger (2024) - General/06. Documents Provided/Stage 2 Assets/3x London Assets/Clarence House/Final Certificate 06-10-16.pdf:PDF
Brochure,NA,Marketing Advertisement(OxAM House),NA,,2014,,,"OxAM House,Oxford",General,General,Other,Other,N,No clear title the document title has been created,9/13/2024,,,:C\:\\Users\\Nam Le/ARCADIS/Project Tiger (2024) - General/06. Documents Provided/Stage 2 Assets/1x Oxford Mixed Use asset DD/Project Tiger - Information Memorandum (OxAM House).pdf:PDF
Riskregister,ESG10,Risk Management,Jones Lang LaSalle,,2007,\#feb\#,,Clarence House,Environment,Operation,Environmental,Best Practice,N,,9/16/2024,,,:C\:\\Users\\Nam Le/ARCADIS/PROJEC~1/069DA0~1.DOC/STAGE2~1/3XLOND~1/CLAREN~1/INSPEC~1/4MATTH~2.PDF:PDF
TechReport,,Building Energy Performance Certificate. Asset Rating.,,,1694,,,,,,NA,,NA,,,,,:1694 - Building Energy Performance Certificate. Asset Rating..pdf:PDF;:C\:/Users/Nam Le/ARCADIS/Project Tiger (2024) - General/06. Documents Provided/Stage 1 Assets/Mill Lane Ind Estate EPCs/Unit 8 Mill Lane - Draft SBEM.pdf:PDF
Certificate,,Energy performance certificate (EPC),Elmhurst Energy Systems Ltd,9/6/2023,,,,Mill Lane Industrial Estate,Energy,Operation,NA,,NA,,,,,":C\:/Users/Nam Le/ARCADIS/Project Tiger (2024) - General/06. Documents Provided/Stage 1 Assets/Mill Lane Ind Estate EPCs/Unit 5i - Mill Lane Industrial Estate, Glenfield - EPC.pdf:PDF"
